-- MySQL dump 10.13  Distrib 9.1.0, for Win64 (x86_64)
--
-- Host: localhost    Database: lojavirtual
-- ------------------------------------------------------
-- Server version	9.1.0

/*!40101 SET @OLD_CHARACTER_SET_CLIENT=@@CHARACTER_SET_CLIENT */;
/*!40101 SET @OLD_CHARACTER_SET_RESULTS=@@CHARACTER_SET_RESULTS */;
/*!40101 SET @OLD_COLLATION_CONNECTION=@@COLLATION_CONNECTION */;
/*!50503 SET NAMES utf8mb4 */;
/*!40103 SET @OLD_TIME_ZONE=@@TIME_ZONE */;
/*!40103 SET TIME_ZONE='+00:00' */;
/*!40014 SET @OLD_UNIQUE_CHECKS=@@UNIQUE_CHECKS, UNIQUE_CHECKS=0 */;
/*!40014 SET @OLD_FOREIGN_KEY_CHECKS=@@FOREIGN_KEY_CHECKS, FOREIGN_KEY_CHECKS=0 */;
/*!40101 SET @OLD_SQL_MODE=@@SQL_MODE, SQL_MODE='NO_AUTO_VALUE_ON_ZERO' */;
/*!40111 SET @OLD_SQL_NOTES=@@SQL_NOTES, SQL_NOTES=0 */;

--
-- Table structure for table `auditoria`
--

DROP TABLE IF EXISTS `auditoria`;
/*!40101 SET @saved_cs_client     = @@character_set_client */;
/*!50503 SET character_set_client = utf8mb4 */;
CREATE TABLE `auditoria` (
  `id` int NOT NULL AUTO_INCREMENT,
  `utilizador_id` int DEFAULT NULL,
  `acao` varchar(255) NOT NULL,
  `ip` varchar(45) DEFAULT NULL,
  `detalhes` text,
  `criado_em` datetime DEFAULT CURRENT_TIMESTAMP,
  PRIMARY KEY (`id`),
  KEY `fk_auditoria_user` (`utilizador_id`)
) ENGINE=MyISAM AUTO_INCREMENT=146 DEFAULT CHARSET=utf8mb4 COLLATE=utf8mb4_0900_ai_ci;
/*!40101 SET character_set_client = @saved_cs_client */;

--
-- Dumping data for table `auditoria`
--

LOCK TABLES `auditoria` WRITE;
/*!40000 ALTER TABLE `auditoria` DISABLE KEYS */;
INSERT INTO `auditoria` VALUES (1,NULL,'login_falhado',NULL,'Email: admin@admin.com','2026-02-07 18:22:45'),(2,NULL,'login_falhado',NULL,'Email: admin@admin.com','2026-02-07 18:23:01'),(3,NULL,'login_falhado',NULL,'Email: admin@admin.com','2026-02-07 18:28:19'),(4,NULL,'login_falhado',NULL,'Email: admin@admin.com','2026-02-07 18:28:57'),(5,NULL,'login_falhado',NULL,'Email: admin@admin.com','2026-02-07 18:29:15'),(6,NULL,'login_falhado',NULL,'Email: admin@admin.com','2026-02-07 18:38:15'),(7,NULL,'login_falhado',NULL,'Email: admin@local.com','2026-02-07 18:46:07'),(8,NULL,'login_falhado',NULL,'Email: admin@admin.com','2026-02-07 18:46:23'),(9,NULL,'login_falhado',NULL,'Email: admin@admin.com','2026-02-07 18:52:32'),(10,NULL,'login_falhado',NULL,'Email: admin@admin.com','2026-02-07 18:52:52'),(11,NULL,'login_falhado',NULL,'Email: admin@admin.com','2026-02-07 18:54:07'),(12,NULL,'login_falhado',NULL,'Email: admin@admin.com','2026-02-07 18:56:08'),(13,NULL,'login_falhado',NULL,'Email: admin@admin.com','2026-02-07 18:58:38'),(14,NULL,'login_falhado',NULL,'Email: admin@admin.com','2026-02-07 18:59:36'),(15,NULL,'login_falhado',NULL,'Email: admin@admin.com','2026-02-07 20:05:14'),(16,NULL,'login_falhado',NULL,'Email: admin@admin.com','2026-02-07 20:05:57'),(17,2,'utilizador_criado',NULL,'ID: 6','2026-02-15 20:01:28'),(18,2,'utilizador_editado',NULL,'ID: 6','2026-02-15 20:02:05'),(19,2,'utilizador_eliminado',NULL,'ID: 6','2026-02-15 20:10:54'),(20,2,'utilizador_eliminado',NULL,'ID: 5','2026-02-15 20:11:36'),(21,2,'utilizador_criado',NULL,'ID: 7','2026-02-15 20:20:04'),(22,2,'utilizador_editado',NULL,'ID: 7','2026-02-15 20:21:12'),(23,2,'utilizador_editado',NULL,'ID: 7','2026-02-15 20:21:58'),(24,2,'utilizador_eliminado',NULL,'ID: 7','2026-02-15 20:22:17'),(25,2,'utilizador_criado',NULL,'ID: 8','2026-02-15 20:26:41'),(26,2,'utilizador_editado',NULL,'ID: 8','2026-02-15 20:27:32'),(27,2,'utilizador_eliminado',NULL,'ID: 8','2026-02-15 20:27:50'),(28,2,'utilizador_criado',NULL,'ID: 9','2026-02-15 20:38:49'),(29,2,'utilizador_editado',NULL,'ID: 9','2026-02-15 20:47:14'),(30,2,'utilizador_eliminado',NULL,'ID: 9','2026-02-15 20:49:10'),(31,2,'utilizador_criado',NULL,'ID: 10','2026-02-15 20:49:59'),(32,2,'utilizador_editado',NULL,'ID: 10','2026-02-15 20:50:30'),(33,2,'utilizador_editado',NULL,'ID: 10','2026-02-15 20:54:42'),(34,2,'utilizador_eliminado',NULL,'ID: 10','2026-02-15 20:54:51'),(35,2,'utilizador_criado',NULL,'ID: 11','2026-02-15 21:03:32'),(36,2,'utilizador_editado',NULL,'ID: 11','2026-02-15 21:04:02'),(37,2,'utilizador_editado',NULL,'ID: 11','2026-02-15 21:08:26'),(38,2,'utilizador_criado',NULL,'ID: 12','2026-02-15 21:09:22'),(39,2,'utilizador_editado',NULL,'ID: 12','2026-02-15 21:11:24'),(40,2,'utilizador_criado',NULL,'ID: 13','2026-02-15 21:12:10'),(41,2,'utilizador_editado',NULL,'ID: 13','2026-02-15 21:14:31'),(42,2,'utilizador_editado',NULL,'ID: 13','2026-02-15 21:20:07'),(43,2,'utilizador_editado',NULL,'ID: 13','2026-02-15 21:20:26'),(44,2,'utilizador_eliminado',NULL,'ID: 13','2026-02-15 21:20:36'),(45,2,'utilizador_editado',NULL,'ID: 12','2026-02-15 21:27:44'),(46,2,'utilizador_criado',NULL,'ID: 14','2026-02-15 21:28:22'),(47,2,'utilizador_editado',NULL,'ID: 14','2026-02-15 21:29:58'),(48,2,'utilizador_editado',NULL,'ID: 14','2026-02-15 21:33:26'),(49,2,'utilizador_editado',NULL,'ID: 11','2026-02-15 21:34:07'),(50,2,'utilizador_editado',NULL,'ID: 14','2026-02-15 21:42:34'),(51,2,'utilizador_editado',NULL,'ID: 11','2026-02-15 21:42:57'),(52,2,'utilizador_criado',NULL,'ID: 15','2026-02-15 21:44:28'),(53,2,'utilizador_editado',NULL,'ID: 15','2026-02-15 21:52:33'),(54,2,'utilizador_eliminado',NULL,'ID: 14','2026-02-15 21:53:08'),(55,2,'utilizador_editado',NULL,'ID: 12','2026-02-15 21:59:19'),(56,2,'utilizador_editado',NULL,'ID: 12','2026-02-15 22:03:14'),(57,2,'utilizador_criado',NULL,'ID: 16','2026-02-15 22:05:06'),(58,2,'utilizador_editado',NULL,'ID: 16','2026-02-15 22:05:38'),(59,2,'utilizador_eliminado',NULL,'ID: 12','2026-02-15 22:05:51'),(60,2,'utilizador_criado',NULL,'ID: 17','2026-02-15 22:24:40'),(61,2,'utilizador_criado',NULL,'ID: 18','2026-02-15 23:27:18'),(62,2,'utilizador_eliminado',NULL,'ID: 16','2026-02-15 23:27:36'),(63,2,'Criou documento: 8','127.0.0.1',NULL,'2026-02-16 01:15:44'),(64,2,'Criou documento: 9','127.0.0.1',NULL,'2026-02-16 01:21:25'),(65,2,'utilizador_criado',NULL,'ID: 19','2026-02-16 12:45:58'),(66,2,'Criou documento: 10','127.0.0.1',NULL,'2026-02-16 12:49:49'),(67,2,'Criou documento: 11','127.0.0.1',NULL,'2026-02-16 14:11:46'),(68,2,'Criou documento: 12','127.0.0.1',NULL,'2026-02-16 14:22:00'),(69,2,'Criou documento: 13','127.0.0.1',NULL,'2026-02-16 14:34:15'),(70,2,'Criou documento: 14','127.0.0.1',NULL,'2026-02-16 14:52:43'),(71,NULL,'Sincronizou permissões do sistema','127.0.0.1',NULL,'2026-02-18 21:09:17'),(72,NULL,'Sincronizou permissões do sistema','127.0.0.1',NULL,'2026-02-18 21:44:13'),(73,NULL,'Sincronizou permissões do sistema','127.0.0.1',NULL,'2026-02-18 22:45:20'),(74,NULL,'Criou perfil: Gestor','127.0.0.1',NULL,'2026-02-24 20:23:11'),(75,NULL,'Editou perfil ID 2','127.0.0.1',NULL,'2026-02-24 20:24:51'),(76,NULL,'Criou perfil: Utilizador','127.0.0.1',NULL,'2026-02-24 20:36:32'),(77,NULL,'Criou perfil: utilizador teste','127.0.0.1',NULL,'2026-02-24 21:10:15'),(78,NULL,'Criou perfil: teste','127.0.0.1',NULL,'2026-02-24 21:33:02'),(79,NULL,'Editou perfil ID 4','127.0.0.1',NULL,'2026-02-24 21:35:10'),(80,NULL,'Criou perfil: teste teste','127.0.0.1',NULL,'2026-02-24 21:42:52'),(81,NULL,'Criou perfil: Tony','127.0.0.1',NULL,'2026-02-24 21:45:04'),(82,NULL,'Editou perfil ID 7','127.0.0.1',NULL,'2026-02-24 21:46:19'),(83,NULL,'Sincronizou permissões do sistema','127.0.0.1',NULL,'2026-02-24 21:55:48'),(84,NULL,'Alterou permissões do perfil ID 2','127.0.0.1',NULL,'2026-02-24 23:31:21'),(85,NULL,'Alterou permissões do perfil ID 2','127.0.0.1',NULL,'2026-02-24 23:31:30'),(86,NULL,'Alterou permissões do perfil ID 2','127.0.0.1',NULL,'2026-02-24 23:31:34'),(87,NULL,'Alterou permissões do perfil ID 2','127.0.0.1',NULL,'2026-02-24 23:32:39'),(88,NULL,'Alterou permissões do perfil ID 2','127.0.0.1',NULL,'2026-02-24 23:32:44'),(89,NULL,'Alterou permissões do perfil ID 2','127.0.0.1',NULL,'2026-02-24 23:42:27'),(90,NULL,'Alterou permissões do perfil ID 2','127.0.0.1',NULL,'2026-02-24 23:48:57'),(91,NULL,'Alterou permissões do perfil ID 2','127.0.0.1',NULL,'2026-02-24 23:49:06'),(92,NULL,'Alterou permissões do perfil ID 2','127.0.0.1',NULL,'2026-02-24 23:53:56'),(93,NULL,'Alterou permissões do perfil ID 2','127.0.0.1',NULL,'2026-02-25 00:20:00'),(94,NULL,'Alterou permissões do perfil ID 2','127.0.0.1',NULL,'2026-02-25 00:28:40'),(95,NULL,'Alterou permissões do perfil ID 2','127.0.0.1',NULL,'2026-02-25 00:30:15'),(96,NULL,'Alterou permissões do perfil ID 2','127.0.0.1',NULL,'2026-02-25 00:43:10'),(97,NULL,'Alterou permissões do perfil ID 2','127.0.0.1',NULL,'2026-02-25 00:43:17'),(98,NULL,'Alterou permissões do perfil ID 2','127.0.0.1',NULL,'2026-02-25 00:56:19'),(99,NULL,'Alterou permissões do perfil ID 1','127.0.0.1',NULL,'2026-02-25 00:57:04'),(100,NULL,'Alterou permissões do perfil ID 2','127.0.0.1',NULL,'2026-02-25 01:04:05'),(101,NULL,'Alterou permissões do perfil ID 2','127.0.0.1',NULL,'2026-02-25 01:11:10'),(102,NULL,'Alterou permissões do perfil ID 1','127.0.0.1',NULL,'2026-02-25 01:12:17'),(103,NULL,'Criou perfil: Supervisor','127.0.0.1',NULL,'2026-02-25 14:00:37'),(104,NULL,'Alterou permissões do perfil ID 4','127.0.0.1',NULL,'2026-02-25 15:23:51'),(105,NULL,'Alterou permissões do perfil ID 9','127.0.0.1',NULL,'2026-02-25 15:25:18'),(106,NULL,'Alterou permissões do perfil ID 9','127.0.0.1',NULL,'2026-02-25 15:25:29'),(107,NULL,'Alterou permissões do perfil ID 3','127.0.0.1',NULL,'2026-02-25 15:27:51'),(108,NULL,'Alterou permissões do perfil ID 2','127.0.0.1',NULL,'2026-02-25 16:15:15'),(109,NULL,'Alterou permissões do perfil ID 3','127.0.0.1',NULL,'2026-02-25 16:16:11'),(110,NULL,'Alterou permissões do perfil ID 2','127.0.0.1',NULL,'2026-02-25 16:17:15'),(111,NULL,'Editou perfil ID 1','127.0.0.1',NULL,'2026-02-25 17:03:05'),(112,NULL,'Alterou permissões do perfil ID 2','127.0.0.1',NULL,'2026-02-25 19:20:12'),(113,NULL,'Alterou permissões do perfil ID 1','127.0.0.1',NULL,'2026-02-25 19:21:18'),(114,NULL,'Alterou permissões do perfil ID 1','127.0.0.1',NULL,'2026-02-25 19:42:07'),(115,NULL,'Alterou permissões do perfil ID 4','127.0.0.1',NULL,'2026-02-26 16:55:49'),(116,NULL,'Alterou permissões do perfil ID 4','127.0.0.1',NULL,'2026-02-26 16:56:06'),(117,NULL,'Alterou permissões do perfil ID 1','127.0.0.1',NULL,'2026-02-26 18:26:06'),(118,NULL,'Alterou permissões do perfil ID 2','127.0.0.1',NULL,'2026-02-26 18:26:59'),(119,NULL,'Alterou permissões do perfil ID 4','127.0.0.1',NULL,'2026-02-26 18:27:34'),(120,NULL,'Alterou permissões do perfil ID 4','127.0.0.1',NULL,'2026-02-26 18:27:38'),(121,NULL,'Alterou permissões do perfil ID 1','127.0.0.1',NULL,'2026-02-26 21:25:35'),(122,NULL,'Alterou permissões do perfil ID 2','127.0.0.1',NULL,'2026-02-26 21:26:12'),(123,NULL,'Alterou permissões do perfil ID 2','127.0.0.1',NULL,'2026-02-26 21:26:21'),(124,NULL,'Alterou permissões do perfil ID 4','127.0.0.1',NULL,'2026-02-26 21:26:40'),(125,NULL,'Alterou permissões do perfil ID 1','127.0.0.1',NULL,'2026-02-26 21:30:40'),(126,NULL,'Alterou permissões do perfil ID 2','127.0.0.1',NULL,'2026-02-26 21:31:37'),(127,NULL,'Alterou permissões do perfil ID 2','127.0.0.1',NULL,'2026-02-26 21:31:44'),(128,NULL,'Alterou permissões do perfil ID 4','127.0.0.1',NULL,'2026-02-26 21:32:07'),(129,NULL,'Alterou permissões do perfil ID 2','127.0.0.1',NULL,'2026-02-27 00:07:30'),(130,NULL,'Alterou permissões do perfil ID 4','127.0.0.1',NULL,'2026-02-27 00:08:10'),(131,NULL,'Alterou permissões do perfil ID 2','127.0.0.1',NULL,'2026-02-27 00:25:19'),(132,NULL,'Alterou permissões do perfil ID 4','127.0.0.1',NULL,'2026-02-27 00:26:02'),(133,NULL,'Alterou permissões do perfil ID 2','127.0.0.1',NULL,'2026-02-27 00:33:45'),(134,NULL,'Alterou permissões do perfil ID 4','127.0.0.1',NULL,'2026-02-27 00:34:00'),(135,NULL,'Alterou permissões do perfil ID 2','127.0.0.1',NULL,'2026-02-27 00:36:17'),(136,NULL,'Alterou permissões do perfil ID 2','127.0.0.1',NULL,'2026-02-27 00:36:21'),(137,NULL,'Alterou permissões do perfil ID 2','127.0.0.1',NULL,'2026-02-27 00:36:26'),(138,NULL,'Alterou permissões do perfil ID 2','127.0.0.1',NULL,'2026-02-27 00:36:31'),(139,NULL,'Alterou permissões do perfil ID 4','127.0.0.1',NULL,'2026-02-27 00:36:44'),(140,NULL,'Alterou permissões do perfil ID 2','127.0.0.1',NULL,'2026-03-02 14:53:50'),(141,NULL,'Alterou permissões do perfil ID 4','127.0.0.1',NULL,'2026-03-02 14:54:33'),(142,NULL,'Alterou permissões do perfil ID 2','127.0.0.1',NULL,'2026-03-02 15:19:41'),(143,NULL,'Alterou permissões do perfil ID 4','127.0.0.1',NULL,'2026-03-02 15:21:12'),(144,NULL,'Alterou permissões do perfil ID 2','127.0.0.1',NULL,'2026-03-02 16:12:44'),(145,NULL,'Alterou permissões do perfil ID 4','127.0.0.1',NULL,'2026-03-02 16:13:10');
/*!40000 ALTER TABLE `auditoria` ENABLE KEYS */;
UNLOCK TABLES;

--
-- Table structure for table `documentos`
--

DROP TABLE IF EXISTS `documentos`;
/*!40101 SET @saved_cs_client     = @@character_set_client */;
/*!50503 SET character_set_client = utf8mb4 */;
CREATE TABLE `documentos` (
  `id` int NOT NULL AUTO_INCREMENT,
  `titulo` varchar(255) NOT NULL,
  `ficheiro` varchar(255) NOT NULL,
  `ficheiro_original` varchar(255) DEFAULT NULL,
  `mime_type` varchar(100) DEFAULT NULL,
  `tamanho` int DEFAULT NULL,
  `hash` varchar(64) DEFAULT NULL,
  `criado_por` int NOT NULL,
  `criado_em` datetime DEFAULT CURRENT_TIMESTAMP,
  `estado` tinyint(1) DEFAULT '1',
  `utilizador_id` int DEFAULT NULL,
  PRIMARY KEY (`id`),
  KEY `fk_documentos_utilizador` (`criado_por`)
) ENGINE=MyISAM AUTO_INCREMENT=107 DEFAULT CHARSET=utf8mb4 COLLATE=utf8mb4_0900_ai_ci;
/*!40101 SET character_set_client = @saved_cs_client */;

--
-- Dumping data for table `documentos`
--

LOCK TABLES `documentos` WRITE;
/*!40000 ALTER TABLE `documentos` DISABLE KEYS */;
INSERT INTO `documentos` VALUES (106,'teste07','699ccdc15edc0_faq-ar-cplp-renovacao_-003.pdf','faq-ar-cplp-renovacao_-003.pdf','application/pdf',398309,'69de23051fc1d1c0356ed2244a1a38da7c10aeb0c0e2ed832e30ac8566341202',0,'2026-02-23 21:59:29',1,NULL),(104,'teste05','699cc0859fd9e_DIGCONT_NEW_2d3436_733692.pdf','DIGCONT_NEW_2d3436_733692.pdf','application/pdf',723636,'997eaf3dfee428ea06f9eea42217a174c827f5f7620bd9a15ca82f4f4444a09b',0,'2026-02-23 21:03:02',1,NULL),(103,'teste06','699cbd77b8991_NISS.pdf','NISS.pdf','application/pdf',762871,'e8ced511304bb06d20c4812ae17d7f8f790e7ea2bb8d749870956ccec81e5afd',0,'2026-02-23 20:50:02',1,NULL),(102,'teste02','699c9e99143d2_Almeida_Antonio_Fernandes_De_Mr[1].pdf','Almeida Antonio Fernandes De Mr[1].pdf','application/pdf',472914,'6c74af11b0d85a390450c397b5edf37c77ce020c47fa6e58bfb09626e604c176',0,'2026-02-23 18:38:17',1,NULL),(101,'teste04','699c9db8cf38e_Detalhes_construtivos_e_pormenores.pdf','Detalhes construtivos e pormenores.pdf','application/pdf',387531,'4769247abb3906d8d70d17544ddc0b2f2819ab3036767f1c28d1c629f56415ce',0,'2026-02-23 18:34:32',1,NULL),(100,'teste04','699c9db4c25a9_Declaração_médica.pdf','Declaração médica.pdf','application/pdf',289598,'79992929fa4c85703d213c8c403ba50c6375aab3dd802567d5cc0713235e1ee5',0,'2026-02-23 18:34:29',1,NULL),(98,'teste03','699c994231e83_Certidão-cópia_certificada.pdf','Certidão-cópia certificada.pdf','application/pdf',2718488,'2291c65b23c4d8939209f0290e15e57a2b63f713bf60df16fde797d1e8993552',0,'2026-02-23 18:15:30',1,NULL),(97,'teste03','699c99420be70_Cartao_e-factura_238444414.pdf','Cartao e-factura 238444414.pdf','application/pdf',64624,'63ede39fea626388158f457a56a5b33fa103a3fa889cb5616e35b8c77e86faf6',0,'2026-02-23 18:15:30',1,NULL),(96,'teste03','699c9941e91ad_BWT-W-23-Escreva.pdf','BWT-W-23-Escreva.pdf','application/pdf',2461127,'a5e330560e2258ccd959da9ab24e93659d170411fdd8ef636187f480b06f20eb',0,'2026-02-23 18:15:30',1,NULL),(105,'teste07','699ccdbc72d6f_factura_NOS_Fev.pdf','factura NOS Fev.pdf','application/pdf',364488,'a89f11391255b5af1183914eafffa993ab3f674b824a6cc8562f7e487ced17c6',0,'2026-02-23 21:59:25',1,NULL),(91,'teste','699c9377d6ba9_Memória.pdf','Memória.pdf','application/pdf',335290,'7bb764c94572165c682583232a88a111198937855b4177e88829922406abcc61',0,'2026-02-23 17:50:48',1,NULL),(99,'teste04','699c9db4594fe_declaração_de_não_aplicação_de_sanções_NISS.pdf','declaração de não aplicação de sanções NISS.pdf','application/pdf',88287,'7097afaa336bc688ec36b5fc4f565986f060ce0cb1d64da17f095f265e4dbed7',0,'2026-02-23 18:34:28',1,NULL),(93,'teste03','699c994154716_1252307_audiencia_previa.pdf','1252307_audiencia_previa.pdf','application/pdf',85295,'36a51db6f76a9b24c84b6e771f13d0e552e4a95b4c925fc7bedf698081e109ce',0,'2026-02-23 18:15:29',1,NULL),(94,'teste03','699c9941b4a13_5351634_comprovativo.pdf','5351634_comprovativo.pdf','application/pdf',23918,'9fafa923b346544054148ada7e0471a52a5cd6406a550fe006681409cbdfb451',0,'2026-02-23 18:15:29',1,NULL);
/*!40000 ALTER TABLE `documentos` ENABLE KEYS */;
UNLOCK TABLES;

--
-- Table structure for table `logs_sistema`
--

DROP TABLE IF EXISTS `logs_sistema`;
/*!40101 SET @saved_cs_client     = @@character_set_client */;
/*!50503 SET character_set_client = utf8mb4 */;
CREATE TABLE `logs_sistema` (
  `id` int NOT NULL AUTO_INCREMENT,
  `tipo` varchar(50) NOT NULL,
  `mensagem` text NOT NULL,
  `ficheiro` varchar(255) DEFAULT NULL,
  `linha` int DEFAULT NULL,
  `detalhes` text,
  `ip` varchar(45) DEFAULT NULL,
  `criado_em` datetime DEFAULT CURRENT_TIMESTAMP,
  PRIMARY KEY (`id`)
) ENGINE=MyISAM AUTO_INCREMENT=213 DEFAULT CHARSET=utf8mb4 COLLATE=utf8mb4_0900_ai_ci;
/*!40101 SET character_set_client = @saved_cs_client */;

--
-- Dumping data for table `logs_sistema`
--

LOCK TABLES `logs_sistema` WRITE;
/*!40000 ALTER TABLE `logs_sistema` DISABLE KEYS */;
INSERT INTO `logs_sistema` VALUES (212,'exception','Failed to parse dotenv file. Encountered an unexpected escape sequence at [\"C:\\wamp64\\bin\\mysql\\mysql9.1.0\\bin\\mysqldump.exe\"].','C:\\wamp64\\www\\lojavirtual\\vendor\\vlucas\\phpdotenv\\src\\Parser\\Parser.php',30,'#0 C:\\wamp64\\www\\lojavirtual\\vendor\\graham-campbell\\result-type\\src\\Error.php(119): Dotenv\\Parser\\Parser::{closure:Dotenv\\Parser\\Parser::parse():29}(\'Encountered an ...\')\n#1 C:\\wamp64\\www\\lojavirtual\\vendor\\vlucas\\phpdotenv\\src\\Parser\\Parser.php(29): GrahamCampbell\\ResultType\\Error->mapError(Object(Closure))\n#2 C:\\wamp64\\www\\lojavirtual\\vendor\\vlucas\\phpdotenv\\src\\Dotenv.php(222): Dotenv\\Parser\\Parser->parse(\'APP_ENV=local\\nA...\')\n#3 C:\\wamp64\\www\\lojavirtual\\public\\index.php(42): Dotenv\\Dotenv->load()\n#4 {main}','127.0.0.1','2026-03-02 19:09:51'),(211,'exception','Failed to parse dotenv file. Encountered an invalid name at [//MYSQLDUMP_PATH].','C:\\wamp64\\www\\lojavirtual\\vendor\\vlucas\\phpdotenv\\src\\Parser\\Parser.php',30,'#0 C:\\wamp64\\www\\lojavirtual\\vendor\\graham-campbell\\result-type\\src\\Error.php(119): Dotenv\\Parser\\Parser::{closure:Dotenv\\Parser\\Parser::parse():29}(\'Encountered an ...\')\n#1 C:\\wamp64\\www\\lojavirtual\\vendor\\vlucas\\phpdotenv\\src\\Parser\\Parser.php(29): GrahamCampbell\\ResultType\\Error->mapError(Object(Closure))\n#2 C:\\wamp64\\www\\lojavirtual\\vendor\\vlucas\\phpdotenv\\src\\Dotenv.php(222): Dotenv\\Parser\\Parser->parse(\'APP_ENV=local\\nA...\')\n#3 C:\\wamp64\\www\\lojavirtual\\public\\index.php(42): Dotenv\\Dotenv->load()\n#4 {main}','127.0.0.1','2026-03-02 19:06:30'),(210,'exception','Failed to parse dotenv file. Encountered an invalid name at [//MYSQLDUMP_PATH].','C:\\wamp64\\www\\lojavirtual\\vendor\\vlucas\\phpdotenv\\src\\Parser\\Parser.php',30,'#0 C:\\wamp64\\www\\lojavirtual\\vendor\\graham-campbell\\result-type\\src\\Error.php(119): Dotenv\\Parser\\Parser::{closure:Dotenv\\Parser\\Parser::parse():29}(\'Encountered an ...\')\n#1 C:\\wamp64\\www\\lojavirtual\\vendor\\vlucas\\phpdotenv\\src\\Parser\\Parser.php(29): GrahamCampbell\\ResultType\\Error->mapError(Object(Closure))\n#2 C:\\wamp64\\www\\lojavirtual\\vendor\\vlucas\\phpdotenv\\src\\Dotenv.php(222): Dotenv\\Parser\\Parser->parse(\'APP_ENV=local\\nA...\')\n#3 C:\\wamp64\\www\\lojavirtual\\public\\index.php(42): Dotenv\\Dotenv->load()\n#4 {main}','127.0.0.1','2026-03-02 19:06:20'),(209,'exception','Failed to parse dotenv file. Encountered an invalid name at [//MYSQLDUMP_PATH].','C:\\wamp64\\www\\lojavirtual\\vendor\\vlucas\\phpdotenv\\src\\Parser\\Parser.php',30,'#0 C:\\wamp64\\www\\lojavirtual\\vendor\\graham-campbell\\result-type\\src\\Error.php(119): Dotenv\\Parser\\Parser::{closure:Dotenv\\Parser\\Parser::parse():29}(\'Encountered an ...\')\n#1 C:\\wamp64\\www\\lojavirtual\\vendor\\vlucas\\phpdotenv\\src\\Parser\\Parser.php(29): GrahamCampbell\\ResultType\\Error->mapError(Object(Closure))\n#2 C:\\wamp64\\www\\lojavirtual\\vendor\\vlucas\\phpdotenv\\src\\Dotenv.php(222): Dotenv\\Parser\\Parser->parse(\'APP_ENV=local\\nA...\')\n#3 C:\\wamp64\\www\\lojavirtual\\public\\index.php(42): Dotenv\\Dotenv->load()\n#4 {main}','127.0.0.1','2026-03-02 19:03:13'),(208,'exception','Failed to parse dotenv file. Encountered an invalid name at [//MYSQLDUMP_PATH].','C:\\wamp64\\www\\lojavirtual\\vendor\\vlucas\\phpdotenv\\src\\Parser\\Parser.php',30,'#0 C:\\wamp64\\www\\lojavirtual\\vendor\\graham-campbell\\result-type\\src\\Error.php(119): Dotenv\\Parser\\Parser::{closure:Dotenv\\Parser\\Parser::parse():29}(\'Encountered an ...\')\n#1 C:\\wamp64\\www\\lojavirtual\\vendor\\vlucas\\phpdotenv\\src\\Parser\\Parser.php(29): GrahamCampbell\\ResultType\\Error->mapError(Object(Closure))\n#2 C:\\wamp64\\www\\lojavirtual\\vendor\\vlucas\\phpdotenv\\src\\Dotenv.php(222): Dotenv\\Parser\\Parser->parse(\'APP_ENV=local\\nA...\')\n#3 C:\\wamp64\\www\\lojavirtual\\public\\index.php(42): Dotenv\\Dotenv->load()\n#4 {main}','127.0.0.1','2026-03-02 19:03:03'),(207,'exception','Failed to parse dotenv file. Encountered an invalid name at [//MYSQLDUMP_PATH].','C:\\wamp64\\www\\lojavirtual\\vendor\\vlucas\\phpdotenv\\src\\Parser\\Parser.php',30,'#0 C:\\wamp64\\www\\lojavirtual\\vendor\\graham-campbell\\result-type\\src\\Error.php(119): Dotenv\\Parser\\Parser::{closure:Dotenv\\Parser\\Parser::parse():29}(\'Encountered an ...\')\n#1 C:\\wamp64\\www\\lojavirtual\\vendor\\vlucas\\phpdotenv\\src\\Parser\\Parser.php(29): GrahamCampbell\\ResultType\\Error->mapError(Object(Closure))\n#2 C:\\wamp64\\www\\lojavirtual\\vendor\\vlucas\\phpdotenv\\src\\Dotenv.php(222): Dotenv\\Parser\\Parser->parse(\'APP_ENV=local\\nA...\')\n#3 C:\\wamp64\\www\\lojavirtual\\public\\index.php(42): Dotenv\\Dotenv->load()\n#4 {main}','127.0.0.1','2026-03-02 19:02:59'),(206,'exception','Failed to parse dotenv file. Encountered an unexpected escape sequence at [\"C:\\wamp64\\bin\\mysql\\mysql9.1.0\\bin\\mysqldump.exe\"].','C:\\wamp64\\www\\lojavirtual\\vendor\\vlucas\\phpdotenv\\src\\Parser\\Parser.php',30,'#0 C:\\wamp64\\www\\lojavirtual\\vendor\\graham-campbell\\result-type\\src\\Error.php(119): Dotenv\\Parser\\Parser::{closure:Dotenv\\Parser\\Parser::parse():29}(\'Encountered an ...\')\n#1 C:\\wamp64\\www\\lojavirtual\\vendor\\vlucas\\phpdotenv\\src\\Parser\\Parser.php(29): GrahamCampbell\\ResultType\\Error->mapError(Object(Closure))\n#2 C:\\wamp64\\www\\lojavirtual\\vendor\\vlucas\\phpdotenv\\src\\Dotenv.php(222): Dotenv\\Parser\\Parser->parse(\'APP_ENV=local\\nA...\')\n#3 C:\\wamp64\\www\\lojavirtual\\public\\index.php(42): Dotenv\\Dotenv->load()\n#4 {main}','127.0.0.1','2026-03-02 19:02:37'),(205,'exception','Failed to parse dotenv file. Encountered an unexpected escape sequence at [\"C:\\wamp64\\bin\\mysql\\mysql9.1.0\\bin\\mysqldump.exe\"].','C:\\wamp64\\www\\lojavirtual\\vendor\\vlucas\\phpdotenv\\src\\Parser\\Parser.php',30,'#0 C:\\wamp64\\www\\lojavirtual\\vendor\\graham-campbell\\result-type\\src\\Error.php(119): Dotenv\\Parser\\Parser::{closure:Dotenv\\Parser\\Parser::parse():29}(\'Encountered an ...\')\n#1 C:\\wamp64\\www\\lojavirtual\\vendor\\vlucas\\phpdotenv\\src\\Parser\\Parser.php(29): GrahamCampbell\\ResultType\\Error->mapError(Object(Closure))\n#2 C:\\wamp64\\www\\lojavirtual\\vendor\\vlucas\\phpdotenv\\src\\Dotenv.php(222): Dotenv\\Parser\\Parser->parse(\'APP_ENV=local\\nA...\')\n#3 C:\\wamp64\\www\\lojavirtual\\public\\index.php(42): Dotenv\\Dotenv->load()\n#4 {main}','127.0.0.1','2026-03-02 19:02:24'),(204,'exception','Failed to parse dotenv file. Encountered an unexpected escape sequence at [\"C:\\wamp64\\bin\\mysql\\mysql9.1.0\\bin\\mysqldump.exe\"].','C:\\wamp64\\www\\lojavirtual\\vendor\\vlucas\\phpdotenv\\src\\Parser\\Parser.php',30,'#0 C:\\wamp64\\www\\lojavirtual\\vendor\\graham-campbell\\result-type\\src\\Error.php(119): Dotenv\\Parser\\Parser::{closure:Dotenv\\Parser\\Parser::parse():29}(\'Encountered an ...\')\n#1 C:\\wamp64\\www\\lojavirtual\\vendor\\vlucas\\phpdotenv\\src\\Parser\\Parser.php(29): GrahamCampbell\\ResultType\\Error->mapError(Object(Closure))\n#2 C:\\wamp64\\www\\lojavirtual\\vendor\\vlucas\\phpdotenv\\src\\Dotenv.php(222): Dotenv\\Parser\\Parser->parse(\'APP_ENV=local\\nA...\')\n#3 C:\\wamp64\\www\\lojavirtual\\public\\index.php(42): Dotenv\\Dotenv->load()\n#4 {main}','127.0.0.1','2026-03-02 19:02:17'),(203,'exception','Failed to parse dotenv file. Encountered an unexpected escape sequence at [\"C:\\wamp64\\bin\\mysql\\mysql9.1.0\\bin\\mysqldump.exe\"].','C:\\wamp64\\www\\lojavirtual\\vendor\\vlucas\\phpdotenv\\src\\Parser\\Parser.php',30,'#0 C:\\wamp64\\www\\lojavirtual\\vendor\\graham-campbell\\result-type\\src\\Error.php(119): Dotenv\\Parser\\Parser::{closure:Dotenv\\Parser\\Parser::parse():29}(\'Encountered an ...\')\n#1 C:\\wamp64\\www\\lojavirtual\\vendor\\vlucas\\phpdotenv\\src\\Parser\\Parser.php(29): GrahamCampbell\\ResultType\\Error->mapError(Object(Closure))\n#2 C:\\wamp64\\www\\lojavirtual\\vendor\\vlucas\\phpdotenv\\src\\Dotenv.php(222): Dotenv\\Parser\\Parser->parse(\'APP_ENV=local\\nA...\')\n#3 C:\\wamp64\\www\\lojavirtual\\public\\index.php(42): Dotenv\\Dotenv->load()\n#4 {main}','127.0.0.1','2026-03-02 19:01:57'),(202,'exception','Failed to parse dotenv file. Encountered an unexpected escape sequence at [\"C:\\wamp64\\bin\\mysql\\mysql9.1.0\\bin\\mysqldump.exe\"].','C:\\wamp64\\www\\lojavirtual\\vendor\\vlucas\\phpdotenv\\src\\Parser\\Parser.php',30,'#0 C:\\wamp64\\www\\lojavirtual\\vendor\\graham-campbell\\result-type\\src\\Error.php(119): Dotenv\\Parser\\Parser::{closure:Dotenv\\Parser\\Parser::parse():29}(\'Encountered an ...\')\n#1 C:\\wamp64\\www\\lojavirtual\\vendor\\vlucas\\phpdotenv\\src\\Parser\\Parser.php(29): GrahamCampbell\\ResultType\\Error->mapError(Object(Closure))\n#2 C:\\wamp64\\www\\lojavirtual\\vendor\\vlucas\\phpdotenv\\src\\Dotenv.php(222): Dotenv\\Parser\\Parser->parse(\'APP_ENV=local\\nA...\')\n#3 C:\\wamp64\\www\\lojavirtual\\public\\index.php(42): Dotenv\\Dotenv->load()\n#4 {main}','127.0.0.1','2026-03-02 19:01:52'),(201,'exception','Failed to parse dotenv file. Encountered an unexpected escape sequence at [\"C:\\wamp64\\bin\\mysql\\mysql9.1.0\\bin\\mysqldump.exe\"].','C:\\wamp64\\www\\lojavirtual\\vendor\\vlucas\\phpdotenv\\src\\Parser\\Parser.php',30,'#0 C:\\wamp64\\www\\lojavirtual\\vendor\\graham-campbell\\result-type\\src\\Error.php(119): Dotenv\\Parser\\Parser::{closure:Dotenv\\Parser\\Parser::parse():29}(\'Encountered an ...\')\n#1 C:\\wamp64\\www\\lojavirtual\\vendor\\vlucas\\phpdotenv\\src\\Parser\\Parser.php(29): GrahamCampbell\\ResultType\\Error->mapError(Object(Closure))\n#2 C:\\wamp64\\www\\lojavirtual\\vendor\\vlucas\\phpdotenv\\src\\Dotenv.php(222): Dotenv\\Parser\\Parser->parse(\'APP_ENV=local\\nA...\')\n#3 C:\\wamp64\\www\\lojavirtual\\public\\index.php(42): Dotenv\\Dotenv->load()\n#4 {main}','127.0.0.1','2026-03-02 19:01:47'),(200,'exception','Failed to parse dotenv file. Encountered an unexpected escape sequence at [\"C:\\wamp64\\bin\\mysql\\mysql9.1.0\\bin\\mysqldump.exe\"].','C:\\wamp64\\www\\lojavirtual\\vendor\\vlucas\\phpdotenv\\src\\Parser\\Parser.php',30,'#0 C:\\wamp64\\www\\lojavirtual\\vendor\\graham-campbell\\result-type\\src\\Error.php(119): Dotenv\\Parser\\Parser::{closure:Dotenv\\Parser\\Parser::parse():29}(\'Encountered an ...\')\n#1 C:\\wamp64\\www\\lojavirtual\\vendor\\vlucas\\phpdotenv\\src\\Parser\\Parser.php(29): GrahamCampbell\\ResultType\\Error->mapError(Object(Closure))\n#2 C:\\wamp64\\www\\lojavirtual\\vendor\\vlucas\\phpdotenv\\src\\Dotenv.php(222): Dotenv\\Parser\\Parser->parse(\'APP_ENV=local\\nA...\')\n#3 C:\\wamp64\\www\\lojavirtual\\public\\index.php(42): Dotenv\\Dotenv->load()\n#4 {main}','127.0.0.1','2026-03-02 19:01:32'),(198,'backup_erro','mysqldump não encontrado.','C:\\wamp64\\www\\lojavirtual\\App\\Services\\BackupLogger.php',18,NULL,'127.0.0.1','2026-03-02 18:27:09'),(199,'exception','Failed to parse dotenv file. Encountered an unexpected escape sequence at [\"C:\\wamp64\\bin\\mysql\\mysql9.1.0\\bin\\mysqldump.exe\"].','C:\\wamp64\\www\\lojavirtual\\vendor\\vlucas\\phpdotenv\\src\\Parser\\Parser.php',30,'#0 C:\\wamp64\\www\\lojavirtual\\vendor\\graham-campbell\\result-type\\src\\Error.php(119): Dotenv\\Parser\\Parser::{closure:Dotenv\\Parser\\Parser::parse():29}(\'Encountered an ...\')\n#1 C:\\wamp64\\www\\lojavirtual\\vendor\\vlucas\\phpdotenv\\src\\Parser\\Parser.php(29): GrahamCampbell\\ResultType\\Error->mapError(Object(Closure))\n#2 C:\\wamp64\\www\\lojavirtual\\vendor\\vlucas\\phpdotenv\\src\\Dotenv.php(222): Dotenv\\Parser\\Parser->parse(\'APP_ENV=local\\nA...\')\n#3 C:\\wamp64\\www\\lojavirtual\\public\\index.php(42): Dotenv\\Dotenv->load()\n#4 {main}','127.0.0.1','2026-03-02 19:01:18'),(193,'backup_erro','mysqldump não encontrado.','C:\\wamp64\\www\\lojavirtual\\App\\Services\\BackupLogger.php',18,NULL,'127.0.0.1','2026-03-02 18:26:49'),(194,'backup_erro','mysqldump não encontrado.','C:\\wamp64\\www\\lojavirtual\\App\\Services\\BackupLogger.php',18,NULL,'127.0.0.1','2026-03-02 18:26:58'),(195,'backup_erro','mysqldump não encontrado.','C:\\wamp64\\www\\lojavirtual\\App\\Services\\BackupLogger.php',18,NULL,'127.0.0.1','2026-03-02 18:26:59'),(196,'backup_erro','mysqldump não encontrado.','C:\\wamp64\\www\\lojavirtual\\App\\Services\\BackupLogger.php',18,NULL,'127.0.0.1','2026-03-02 18:27:03'),(197,'backup_erro','mysqldump não encontrado.','C:\\wamp64\\www\\lojavirtual\\App\\Services\\BackupLogger.php',18,NULL,'127.0.0.1','2026-03-02 18:27:05'),(192,'backup_erro','mysqldump não encontrado.','C:\\wamp64\\www\\lojavirtual\\App\\Services\\BackupLogger.php',18,NULL,'127.0.0.1','2026-03-02 18:26:46'),(191,'exception','Unknown \"can\" function.','C:\\wamp64\\www\\lojavirtual\\App\\Views\\admin\\backups\\index.twig',44,'#0 C:\\wamp64\\www\\lojavirtual\\vendor\\twig\\twig\\src\\ExpressionParser.php(497): Twig\\ExpressionParser->getFunctionNodeClass(\'can\', 44)\n#1 C:\\wamp64\\www\\lojavirtual\\vendor\\twig\\twig\\src\\ExpressionParser.php(240): Twig\\ExpressionParser->getFunctionNode(\'can\', 44)\n#2 C:\\wamp64\\www\\lojavirtual\\vendor\\twig\\twig\\src\\ExpressionParser.php(177): Twig\\ExpressionParser->parsePrimaryExpression()\n#3 C:\\wamp64\\www\\lojavirtual\\vendor\\twig\\twig\\src\\ExpressionParser.php(72): Twig\\ExpressionParser->getPrimary()\n#4 C:\\wamp64\\www\\lojavirtual\\vendor\\twig\\twig\\src\\TokenParser\\IfTokenParser.php(38): Twig\\ExpressionParser->parseExpression()\n#5 C:\\wamp64\\www\\lojavirtual\\vendor\\twig\\twig\\src\\Parser.php(175): Twig\\TokenParser\\IfTokenParser->parse(Object(Twig\\Token))\n#6 C:\\wamp64\\www\\lojavirtual\\vendor\\twig\\twig\\src\\TokenParser\\BlockTokenParser.php(47): Twig\\Parser->subparse(Array, true)\n#7 C:\\wamp64\\www\\lojavirtual\\vendor\\twig\\twig\\src\\Parser.php(175): Twig\\TokenParser\\BlockTokenParser->parse(Object(Twig\\Token))\n#8 C:\\wamp64\\www\\lojavirtual\\vendor\\twig\\twig\\src\\Parser.php(84): Twig\\Parser->subparse(NULL, false)\n#9 C:\\wamp64\\www\\lojavirtual\\vendor\\twig\\twig\\src\\Environment.php(523): Twig\\Parser->parse(Object(Twig\\TokenStream))\n#10 C:\\wamp64\\www\\lojavirtual\\vendor\\twig\\twig\\src\\Environment.php(551): Twig\\Environment->parse(Object(Twig\\TokenStream))\n#11 C:\\wamp64\\www\\lojavirtual\\vendor\\twig\\twig\\src\\Environment.php(381): Twig\\Environment->compileSource(Object(Twig\\Source))\n#12 C:\\wamp64\\www\\lojavirtual\\vendor\\twig\\twig\\src\\Environment.php(343): Twig\\Environment->loadTemplate(\'__TwigTemplate_...\', \'admin/backups/i...\')\n#13 C:\\wamp64\\www\\lojavirtual\\vendor\\twig\\twig\\src\\Environment.php(306): Twig\\Environment->load(\'admin/backups/i...\')\n#14 C:\\wamp64\\www\\lojavirtual\\App\\Core\\BaseController.php(83): Twig\\Environment->render(\'admin/backups/i...\', Array)\n#15 C:\\wamp64\\www\\lojavirtual\\App\\Controllers\\Admin\\BackupsAdminController.php(28): App\\Core\\BaseController->render(\'admin/backups/i...\', Array)\n#16 [internal function]: App\\Controllers\\Admin\\BackupsAdminController->index()\n#17 C:\\wamp64\\www\\lojavirtual\\App\\Core\\Router.php(162): call_user_func_array(Array, Array)\n#18 C:\\wamp64\\www\\lojavirtual\\App\\Core\\Router.php(129): App\\Core\\Router->executeAction(\'Admin\\\\BackupsAd...\', Array)\n#19 C:\\wamp64\\www\\lojavirtual\\public\\index.php(92): App\\Core\\Router->dispatch()\n#20 {main}','127.0.0.1','2026-03-02 18:26:28'),(190,'exception','Unknown \"can\" function.','C:\\wamp64\\www\\lojavirtual\\App\\Views\\admin\\backups\\index.twig',44,'#0 C:\\wamp64\\www\\lojavirtual\\vendor\\twig\\twig\\src\\ExpressionParser.php(497): Twig\\ExpressionParser->getFunctionNodeClass(\'can\', 44)\n#1 C:\\wamp64\\www\\lojavirtual\\vendor\\twig\\twig\\src\\ExpressionParser.php(240): Twig\\ExpressionParser->getFunctionNode(\'can\', 44)\n#2 C:\\wamp64\\www\\lojavirtual\\vendor\\twig\\twig\\src\\ExpressionParser.php(177): Twig\\ExpressionParser->parsePrimaryExpression()\n#3 C:\\wamp64\\www\\lojavirtual\\vendor\\twig\\twig\\src\\ExpressionParser.php(72): Twig\\ExpressionParser->getPrimary()\n#4 C:\\wamp64\\www\\lojavirtual\\vendor\\twig\\twig\\src\\TokenParser\\IfTokenParser.php(38): Twig\\ExpressionParser->parseExpression()\n#5 C:\\wamp64\\www\\lojavirtual\\vendor\\twig\\twig\\src\\Parser.php(175): Twig\\TokenParser\\IfTokenParser->parse(Object(Twig\\Token))\n#6 C:\\wamp64\\www\\lojavirtual\\vendor\\twig\\twig\\src\\TokenParser\\BlockTokenParser.php(47): Twig\\Parser->subparse(Array, true)\n#7 C:\\wamp64\\www\\lojavirtual\\vendor\\twig\\twig\\src\\Parser.php(175): Twig\\TokenParser\\BlockTokenParser->parse(Object(Twig\\Token))\n#8 C:\\wamp64\\www\\lojavirtual\\vendor\\twig\\twig\\src\\Parser.php(84): Twig\\Parser->subparse(NULL, false)\n#9 C:\\wamp64\\www\\lojavirtual\\vendor\\twig\\twig\\src\\Environment.php(523): Twig\\Parser->parse(Object(Twig\\TokenStream))\n#10 C:\\wamp64\\www\\lojavirtual\\vendor\\twig\\twig\\src\\Environment.php(551): Twig\\Environment->parse(Object(Twig\\TokenStream))\n#11 C:\\wamp64\\www\\lojavirtual\\vendor\\twig\\twig\\src\\Environment.php(381): Twig\\Environment->compileSource(Object(Twig\\Source))\n#12 C:\\wamp64\\www\\lojavirtual\\vendor\\twig\\twig\\src\\Environment.php(343): Twig\\Environment->loadTemplate(\'__TwigTemplate_...\', \'admin/backups/i...\')\n#13 C:\\wamp64\\www\\lojavirtual\\vendor\\twig\\twig\\src\\Environment.php(306): Twig\\Environment->load(\'admin/backups/i...\')\n#14 C:\\wamp64\\www\\lojavirtual\\App\\Core\\BaseController.php(83): Twig\\Environment->render(\'admin/backups/i...\', Array)\n#15 C:\\wamp64\\www\\lojavirtual\\App\\Controllers\\Admin\\BackupsAdminController.php(28): App\\Core\\BaseController->render(\'admin/backups/i...\', Array)\n#16 [internal function]: App\\Controllers\\Admin\\BackupsAdminController->index()\n#17 C:\\wamp64\\www\\lojavirtual\\App\\Core\\Router.php(162): call_user_func_array(Array, Array)\n#18 C:\\wamp64\\www\\lojavirtual\\App\\Core\\Router.php(129): App\\Core\\Router->executeAction(\'Admin\\\\BackupsAd...\', Array)\n#19 C:\\wamp64\\www\\lojavirtual\\public\\index.php(92): App\\Core\\Router->dispatch()\n#20 {main}','127.0.0.1','2026-03-02 18:26:02'),(189,'exception','Unknown \"can\" function.','C:\\wamp64\\www\\lojavirtual\\App\\Views\\admin\\backups\\index.twig',44,'#0 C:\\wamp64\\www\\lojavirtual\\vendor\\twig\\twig\\src\\ExpressionParser.php(497): Twig\\ExpressionParser->getFunctionNodeClass(\'can\', 44)\n#1 C:\\wamp64\\www\\lojavirtual\\vendor\\twig\\twig\\src\\ExpressionParser.php(240): Twig\\ExpressionParser->getFunctionNode(\'can\', 44)\n#2 C:\\wamp64\\www\\lojavirtual\\vendor\\twig\\twig\\src\\ExpressionParser.php(177): Twig\\ExpressionParser->parsePrimaryExpression()\n#3 C:\\wamp64\\www\\lojavirtual\\vendor\\twig\\twig\\src\\ExpressionParser.php(72): Twig\\ExpressionParser->getPrimary()\n#4 C:\\wamp64\\www\\lojavirtual\\vendor\\twig\\twig\\src\\TokenParser\\IfTokenParser.php(38): Twig\\ExpressionParser->parseExpression()\n#5 C:\\wamp64\\www\\lojavirtual\\vendor\\twig\\twig\\src\\Parser.php(175): Twig\\TokenParser\\IfTokenParser->parse(Object(Twig\\Token))\n#6 C:\\wamp64\\www\\lojavirtual\\vendor\\twig\\twig\\src\\TokenParser\\BlockTokenParser.php(47): Twig\\Parser->subparse(Array, true)\n#7 C:\\wamp64\\www\\lojavirtual\\vendor\\twig\\twig\\src\\Parser.php(175): Twig\\TokenParser\\BlockTokenParser->parse(Object(Twig\\Token))\n#8 C:\\wamp64\\www\\lojavirtual\\vendor\\twig\\twig\\src\\Parser.php(84): Twig\\Parser->subparse(NULL, false)\n#9 C:\\wamp64\\www\\lojavirtual\\vendor\\twig\\twig\\src\\Environment.php(523): Twig\\Parser->parse(Object(Twig\\TokenStream))\n#10 C:\\wamp64\\www\\lojavirtual\\vendor\\twig\\twig\\src\\Environment.php(551): Twig\\Environment->parse(Object(Twig\\TokenStream))\n#11 C:\\wamp64\\www\\lojavirtual\\vendor\\twig\\twig\\src\\Environment.php(381): Twig\\Environment->compileSource(Object(Twig\\Source))\n#12 C:\\wamp64\\www\\lojavirtual\\vendor\\twig\\twig\\src\\Environment.php(343): Twig\\Environment->loadTemplate(\'__TwigTemplate_...\', \'admin/backups/i...\')\n#13 C:\\wamp64\\www\\lojavirtual\\vendor\\twig\\twig\\src\\Environment.php(306): Twig\\Environment->load(\'admin/backups/i...\')\n#14 C:\\wamp64\\www\\lojavirtual\\App\\Core\\BaseController.php(83): Twig\\Environment->render(\'admin/backups/i...\', Array)\n#15 C:\\wamp64\\www\\lojavirtual\\App\\Controllers\\Admin\\BackupsAdminController.php(28): App\\Core\\BaseController->render(\'admin/backups/i...\', Array)\n#16 [internal function]: App\\Controllers\\Admin\\BackupsAdminController->index()\n#17 C:\\wamp64\\www\\lojavirtual\\App\\Core\\Router.php(162): call_user_func_array(Array, Array)\n#18 C:\\wamp64\\www\\lojavirtual\\App\\Core\\Router.php(129): App\\Core\\Router->executeAction(\'Admin\\\\BackupsAd...\', Array)\n#19 C:\\wamp64\\www\\lojavirtual\\public\\index.php(92): App\\Core\\Router->dispatch()\n#20 {main}','127.0.0.1','2026-03-02 18:25:51'),(188,'exception','Unknown \"can\" function.','C:\\wamp64\\www\\lojavirtual\\App\\Views\\admin\\backups\\index.twig',44,'#0 C:\\wamp64\\www\\lojavirtual\\vendor\\twig\\twig\\src\\ExpressionParser.php(497): Twig\\ExpressionParser->getFunctionNodeClass(\'can\', 44)\n#1 C:\\wamp64\\www\\lojavirtual\\vendor\\twig\\twig\\src\\ExpressionParser.php(240): Twig\\ExpressionParser->getFunctionNode(\'can\', 44)\n#2 C:\\wamp64\\www\\lojavirtual\\vendor\\twig\\twig\\src\\ExpressionParser.php(177): Twig\\ExpressionParser->parsePrimaryExpression()\n#3 C:\\wamp64\\www\\lojavirtual\\vendor\\twig\\twig\\src\\ExpressionParser.php(72): Twig\\ExpressionParser->getPrimary()\n#4 C:\\wamp64\\www\\lojavirtual\\vendor\\twig\\twig\\src\\TokenParser\\IfTokenParser.php(38): Twig\\ExpressionParser->parseExpression()\n#5 C:\\wamp64\\www\\lojavirtual\\vendor\\twig\\twig\\src\\Parser.php(175): Twig\\TokenParser\\IfTokenParser->parse(Object(Twig\\Token))\n#6 C:\\wamp64\\www\\lojavirtual\\vendor\\twig\\twig\\src\\TokenParser\\BlockTokenParser.php(47): Twig\\Parser->subparse(Array, true)\n#7 C:\\wamp64\\www\\lojavirtual\\vendor\\twig\\twig\\src\\Parser.php(175): Twig\\TokenParser\\BlockTokenParser->parse(Object(Twig\\Token))\n#8 C:\\wamp64\\www\\lojavirtual\\vendor\\twig\\twig\\src\\Parser.php(84): Twig\\Parser->subparse(NULL, false)\n#9 C:\\wamp64\\www\\lojavirtual\\vendor\\twig\\twig\\src\\Environment.php(523): Twig\\Parser->parse(Object(Twig\\TokenStream))\n#10 C:\\wamp64\\www\\lojavirtual\\vendor\\twig\\twig\\src\\Environment.php(551): Twig\\Environment->parse(Object(Twig\\TokenStream))\n#11 C:\\wamp64\\www\\lojavirtual\\vendor\\twig\\twig\\src\\Environment.php(381): Twig\\Environment->compileSource(Object(Twig\\Source))\n#12 C:\\wamp64\\www\\lojavirtual\\vendor\\twig\\twig\\src\\Environment.php(343): Twig\\Environment->loadTemplate(\'__TwigTemplate_...\', \'admin/backups/i...\')\n#13 C:\\wamp64\\www\\lojavirtual\\vendor\\twig\\twig\\src\\Environment.php(306): Twig\\Environment->load(\'admin/backups/i...\')\n#14 C:\\wamp64\\www\\lojavirtual\\App\\Core\\BaseController.php(83): Twig\\Environment->render(\'admin/backups/i...\', Array)\n#15 C:\\wamp64\\www\\lojavirtual\\App\\Controllers\\Admin\\BackupsAdminController.php(28): App\\Core\\BaseController->render(\'admin/backups/i...\', Array)\n#16 [internal function]: App\\Controllers\\Admin\\BackupsAdminController->index()\n#17 C:\\wamp64\\www\\lojavirtual\\App\\Core\\Router.php(162): call_user_func_array(Array, Array)\n#18 C:\\wamp64\\www\\lojavirtual\\App\\Core\\Router.php(129): App\\Core\\Router->executeAction(\'Admin\\\\BackupsAd...\', Array)\n#19 C:\\wamp64\\www\\lojavirtual\\public\\index.php(92): App\\Core\\Router->dispatch()\n#20 {main}','127.0.0.1','2026-03-02 18:25:42'),(183,'error','mail(): Failed to connect to mailserver at &quot;localhost&quot; port 25, verify your &quot;SMTP&quot; and &quot;smtp_port&quot; setting in php.ini or use ini_set()','C:\\wamp64\\www\\lojavirtual\\App\\Services\\EmailService.php',13,NULL,'127.0.0.1','2026-03-02 16:28:41'),(184,'backup_erro','mysqldump não encontrado.','C:\\wamp64\\www\\lojavirtual\\App\\Services\\BackupLogger.php',18,NULL,'127.0.0.1','2026-03-02 17:23:05'),(185,'backup_erro','mysqldump não encontrado.','C:\\wamp64\\www\\lojavirtual\\App\\Services\\BackupLogger.php',18,NULL,'127.0.0.1','2026-03-02 18:10:06'),(186,'backup_erro','mysqldump não encontrado.','C:\\wamp64\\www\\lojavirtual\\App\\Services\\BackupLogger.php',18,NULL,'127.0.0.1','2026-03-02 18:10:45'),(187,'exception','Unknown \"can\" function.','C:\\wamp64\\www\\lojavirtual\\App\\Views\\admin\\backups\\index.twig',44,'#0 C:\\wamp64\\www\\lojavirtual\\vendor\\twig\\twig\\src\\ExpressionParser.php(497): Twig\\ExpressionParser->getFunctionNodeClass(\'can\', 44)\n#1 C:\\wamp64\\www\\lojavirtual\\vendor\\twig\\twig\\src\\ExpressionParser.php(240): Twig\\ExpressionParser->getFunctionNode(\'can\', 44)\n#2 C:\\wamp64\\www\\lojavirtual\\vendor\\twig\\twig\\src\\ExpressionParser.php(177): Twig\\ExpressionParser->parsePrimaryExpression()\n#3 C:\\wamp64\\www\\lojavirtual\\vendor\\twig\\twig\\src\\ExpressionParser.php(72): Twig\\ExpressionParser->getPrimary()\n#4 C:\\wamp64\\www\\lojavirtual\\vendor\\twig\\twig\\src\\TokenParser\\IfTokenParser.php(38): Twig\\ExpressionParser->parseExpression()\n#5 C:\\wamp64\\www\\lojavirtual\\vendor\\twig\\twig\\src\\Parser.php(175): Twig\\TokenParser\\IfTokenParser->parse(Object(Twig\\Token))\n#6 C:\\wamp64\\www\\lojavirtual\\vendor\\twig\\twig\\src\\TokenParser\\BlockTokenParser.php(47): Twig\\Parser->subparse(Array, true)\n#7 C:\\wamp64\\www\\lojavirtual\\vendor\\twig\\twig\\src\\Parser.php(175): Twig\\TokenParser\\BlockTokenParser->parse(Object(Twig\\Token))\n#8 C:\\wamp64\\www\\lojavirtual\\vendor\\twig\\twig\\src\\Parser.php(84): Twig\\Parser->subparse(NULL, false)\n#9 C:\\wamp64\\www\\lojavirtual\\vendor\\twig\\twig\\src\\Environment.php(523): Twig\\Parser->parse(Object(Twig\\TokenStream))\n#10 C:\\wamp64\\www\\lojavirtual\\vendor\\twig\\twig\\src\\Environment.php(551): Twig\\Environment->parse(Object(Twig\\TokenStream))\n#11 C:\\wamp64\\www\\lojavirtual\\vendor\\twig\\twig\\src\\Environment.php(381): Twig\\Environment->compileSource(Object(Twig\\Source))\n#12 C:\\wamp64\\www\\lojavirtual\\vendor\\twig\\twig\\src\\Environment.php(343): Twig\\Environment->loadTemplate(\'__TwigTemplate_...\', \'admin/backups/i...\')\n#13 C:\\wamp64\\www\\lojavirtual\\vendor\\twig\\twig\\src\\Environment.php(306): Twig\\Environment->load(\'admin/backups/i...\')\n#14 C:\\wamp64\\www\\lojavirtual\\App\\Core\\BaseController.php(83): Twig\\Environment->render(\'admin/backups/i...\', Array)\n#15 C:\\wamp64\\www\\lojavirtual\\App\\Controllers\\Admin\\BackupsAdminController.php(28): App\\Core\\BaseController->render(\'admin/backups/i...\', Array)\n#16 [internal function]: App\\Controllers\\Admin\\BackupsAdminController->index()\n#17 C:\\wamp64\\www\\lojavirtual\\App\\Core\\Router.php(162): call_user_func_array(Array, Array)\n#18 C:\\wamp64\\www\\lojavirtual\\App\\Core\\Router.php(129): App\\Core\\Router->executeAction(\'Admin\\\\BackupsAd...\', Array)\n#19 C:\\wamp64\\www\\lojavirtual\\public\\index.php(92): App\\Core\\Router->dispatch()\n#20 {main}','127.0.0.1','2026-03-02 18:25:28'),(178,'exception','Undefined constant \"DB_HOST\"','C:\\wamp64\\www\\lojavirtual\\App\\Services\\DatabaseBackupService.php',52,'#0 C:\\wamp64\\www\\lojavirtual\\App\\Controllers\\Admin\\BackupsAdminController.php(60): App\\Services\\DatabaseBackupService->criar()\n#1 [internal function]: App\\Controllers\\Admin\\BackupsAdminController->criarBD()\n#2 C:\\wamp64\\www\\lojavirtual\\App\\Core\\Router.php(162): call_user_func_array(Array, Array)\n#3 C:\\wamp64\\www\\lojavirtual\\App\\Core\\Router.php(129): App\\Core\\Router->executeAction(\'Admin\\\\BackupsAd...\', Array)\n#4 C:\\wamp64\\www\\lojavirtual\\public\\index.php(92): App\\Core\\Router->dispatch()\n#5 {main}','127.0.0.1','2026-03-02 15:46:35'),(179,'exception','Undefined constant \"DB_HOST\"','C:\\wamp64\\www\\lojavirtual\\App\\Services\\DatabaseBackupService.php',52,'#0 C:\\wamp64\\www\\lojavirtual\\App\\Controllers\\Admin\\BackupsAdminController.php(60): App\\Services\\DatabaseBackupService->criar()\n#1 [internal function]: App\\Controllers\\Admin\\BackupsAdminController->criarBD()\n#2 C:\\wamp64\\www\\lojavirtual\\App\\Core\\Router.php(162): call_user_func_array(Array, Array)\n#3 C:\\wamp64\\www\\lojavirtual\\App\\Core\\Router.php(129): App\\Core\\Router->executeAction(\'Admin\\\\BackupsAd...\', Array)\n#4 C:\\wamp64\\www\\lojavirtual\\public\\index.php(92): App\\Core\\Router->dispatch()\n#5 {main}','127.0.0.1','2026-03-02 16:13:30'),(180,'backup_erro','mysqldump não encontrado.','C:\\wamp64\\www\\lojavirtual\\App\\Services\\BackupLogger.php',18,NULL,'127.0.0.1','2026-03-02 16:28:14'),(181,'error','mail(): Failed to connect to mailserver at &quot;localhost&quot; port 25, verify your &quot;SMTP&quot; and &quot;smtp_port&quot; setting in php.ini or use ini_set()','C:\\wamp64\\www\\lojavirtual\\App\\Services\\EmailService.php',13,NULL,'127.0.0.1','2026-03-02 16:28:16'),(182,'backup_erro','mysqldump não encontrado.','C:\\wamp64\\www\\lojavirtual\\App\\Services\\BackupLogger.php',18,NULL,'127.0.0.1','2026-03-02 16:28:39'),(175,'exception','Undefined constant \"App\\Services\\DB_HOST\"','C:\\wamp64\\www\\lojavirtual\\App\\Services\\DatabaseBackupService.php',17,'#0 C:\\wamp64\\www\\lojavirtual\\App\\Controllers\\Admin\\BackupsAdminController.php(60): App\\Services\\DatabaseBackupService->criar()\n#1 [internal function]: App\\Controllers\\Admin\\BackupsAdminController->criarBD()\n#2 C:\\wamp64\\www\\lojavirtual\\App\\Core\\Router.php(162): call_user_func_array(Array, Array)\n#3 C:\\wamp64\\www\\lojavirtual\\App\\Core\\Router.php(129): App\\Core\\Router->executeAction(\'Admin\\\\BackupsAd...\', Array)\n#4 C:\\wamp64\\www\\lojavirtual\\public\\index.php(92): App\\Core\\Router->dispatch()\n#5 {main}','127.0.0.1','2026-03-02 14:59:40'),(176,'exception','Undefined constant \"App\\Services\\DB_HOST\"','C:\\wamp64\\www\\lojavirtual\\App\\Services\\DatabaseBackupService.php',47,'#0 C:\\wamp64\\www\\lojavirtual\\App\\Controllers\\Admin\\BackupsAdminController.php(60): App\\Services\\DatabaseBackupService->criar()\n#1 [internal function]: App\\Controllers\\Admin\\BackupsAdminController->criarBD()\n#2 C:\\wamp64\\www\\lojavirtual\\App\\Core\\Router.php(162): call_user_func_array(Array, Array)\n#3 C:\\wamp64\\www\\lojavirtual\\App\\Core\\Router.php(129): App\\Core\\Router->executeAction(\'Admin\\\\BackupsAd...\', Array)\n#4 C:\\wamp64\\www\\lojavirtual\\public\\index.php(92): App\\Core\\Router->dispatch()\n#5 {main}','127.0.0.1','2026-03-02 15:25:49'),(177,'exception','Undefined constant \"DB_HOST\"','C:\\wamp64\\www\\lojavirtual\\App\\Services\\DatabaseBackupService.php',52,'#0 C:\\wamp64\\www\\lojavirtual\\App\\Controllers\\Admin\\BackupsAdminController.php(60): App\\Services\\DatabaseBackupService->criar()\n#1 [internal function]: App\\Controllers\\Admin\\BackupsAdminController->criarBD()\n#2 C:\\wamp64\\www\\lojavirtual\\App\\Core\\Router.php(162): call_user_func_array(Array, Array)\n#3 C:\\wamp64\\www\\lojavirtual\\App\\Core\\Router.php(129): App\\Core\\Router->executeAction(\'Admin\\\\BackupsAd...\', Array)\n#4 C:\\wamp64\\www\\lojavirtual\\public\\index.php(92): App\\Core\\Router->dispatch()\n#5 {main}','127.0.0.1','2026-03-02 15:36:37'),(172,'exception','Undefined constant \"App\\Services\\DB_HOST\"','C:\\wamp64\\www\\lojavirtual\\App\\Services\\DatabaseBackupService.php',19,'#0 C:\\wamp64\\www\\lojavirtual\\App\\Controllers\\Admin\\BackupsAdminController.php(60): App\\Services\\DatabaseBackupService->criar()\n#1 [internal function]: App\\Controllers\\Admin\\BackupsAdminController->criarBD()\n#2 C:\\wamp64\\www\\lojavirtual\\App\\Core\\Router.php(162): call_user_func_array(Array, Array)\n#3 C:\\wamp64\\www\\lojavirtual\\App\\Core\\Router.php(129): App\\Core\\Router->executeAction(\'Admin\\\\BackupsAd...\', Array)\n#4 C:\\wamp64\\www\\lojavirtual\\public\\index.php(92): App\\Core\\Router->dispatch()\n#5 {main}','127.0.0.1','2026-02-27 00:52:35'),(173,'exception','Undefined constant \"App\\Services\\DB_HOST\"','C:\\wamp64\\www\\lojavirtual\\App\\Services\\DatabaseBackupService.php',17,'#0 C:\\wamp64\\www\\lojavirtual\\App\\Controllers\\Admin\\BackupsAdminController.php(60): App\\Services\\DatabaseBackupService->criar()\n#1 [internal function]: App\\Controllers\\Admin\\BackupsAdminController->criarBD()\n#2 C:\\wamp64\\www\\lojavirtual\\App\\Core\\Router.php(162): call_user_func_array(Array, Array)\n#3 C:\\wamp64\\www\\lojavirtual\\App\\Core\\Router.php(129): App\\Core\\Router->executeAction(\'Admin\\\\BackupsAd...\', Array)\n#4 C:\\wamp64\\www\\lojavirtual\\public\\index.php(92): App\\Core\\Router->dispatch()\n#5 {main}','127.0.0.1','2026-02-27 01:07:30'),(174,'exception','Undefined constant \"App\\Services\\DB_HOST\"','C:\\wamp64\\www\\lojavirtual\\App\\Services\\DatabaseBackupService.php',17,'#0 C:\\wamp64\\www\\lojavirtual\\App\\Controllers\\Admin\\BackupsAdminController.php(60): App\\Services\\DatabaseBackupService->criar()\n#1 [internal function]: App\\Controllers\\Admin\\BackupsAdminController->criarBD()\n#2 C:\\wamp64\\www\\lojavirtual\\App\\Core\\Router.php(162): call_user_func_array(Array, Array)\n#3 C:\\wamp64\\www\\lojavirtual\\App\\Core\\Router.php(129): App\\Core\\Router->executeAction(\'Admin\\\\BackupsAd...\', Array)\n#4 C:\\wamp64\\www\\lojavirtual\\public\\index.php(92): App\\Core\\Router->dispatch()\n#5 {main}','127.0.0.1','2026-02-27 01:07:46'),(169,'exception','Call to undefined method App\\Controllers\\Admin\\BackupsAdminController::autorizar()','C:\\wamp64\\www\\lojavirtual\\App\\Controllers\\Admin\\BackupsAdminController.php',58,'#0 [internal function]: App\\Controllers\\Admin\\BackupsAdminController->criarBD()\n#1 C:\\wamp64\\www\\lojavirtual\\App\\Core\\Router.php(162): call_user_func_array(Array, Array)\n#2 C:\\wamp64\\www\\lojavirtual\\App\\Core\\Router.php(129): App\\Core\\Router->executeAction(\'Admin\\\\BackupsAd...\', Array)\n#3 C:\\wamp64\\www\\lojavirtual\\public\\index.php(92): App\\Core\\Router->dispatch()\n#4 {main}','127.0.0.1','2026-02-26 23:24:14'),(170,'exception','Call to undefined method App\\Controllers\\Admin\\BackupsAdminController::autorizar()','C:\\wamp64\\www\\lojavirtual\\App\\Controllers\\Admin\\BackupsAdminController.php',58,'#0 [internal function]: App\\Controllers\\Admin\\BackupsAdminController->criarBD()\n#1 C:\\wamp64\\www\\lojavirtual\\App\\Core\\Router.php(162): call_user_func_array(Array, Array)\n#2 C:\\wamp64\\www\\lojavirtual\\App\\Core\\Router.php(129): App\\Core\\Router->executeAction(\'Admin\\\\BackupsAd...\', Array)\n#3 C:\\wamp64\\www\\lojavirtual\\public\\index.php(92): App\\Core\\Router->dispatch()\n#4 {main}','127.0.0.1','2026-02-26 23:25:19'),(171,'exception','Undefined constant \"App\\Services\\DB_HOST\"','C:\\wamp64\\www\\lojavirtual\\App\\Services\\DatabaseBackupService.php',19,'#0 C:\\wamp64\\www\\lojavirtual\\App\\Controllers\\Admin\\BackupsAdminController.php(60): App\\Services\\DatabaseBackupService->criar()\n#1 [internal function]: App\\Controllers\\Admin\\BackupsAdminController->criarBD()\n#2 C:\\wamp64\\www\\lojavirtual\\App\\Core\\Router.php(162): call_user_func_array(Array, Array)\n#3 C:\\wamp64\\www\\lojavirtual\\App\\Core\\Router.php(129): App\\Core\\Router->executeAction(\'Admin\\\\BackupsAd...\', Array)\n#4 C:\\wamp64\\www\\lojavirtual\\public\\index.php(92): App\\Core\\Router->dispatch()\n#5 {main}','127.0.0.1','2026-02-27 00:09:20'),(166,'exception','Typed property App\\Core\\BaseController::$twig must not be accessed before initialization','C:\\wamp64\\www\\lojavirtual\\App\\Core\\BaseController.php',87,'#0 C:\\wamp64\\www\\lojavirtual\\App\\Controllers\\Admin\\BackupsAdminController.php(27): App\\Core\\BaseController->render(\'admin/backups/i...\', Array)\n#1 [internal function]: App\\Controllers\\Admin\\BackupsAdminController->index()\n#2 C:\\wamp64\\www\\lojavirtual\\App\\Core\\Router.php(156): call_user_func_array(Array, Array)\n#3 C:\\wamp64\\www\\lojavirtual\\App\\Core\\Router.php(129): App\\Core\\Router->executeAction(\'Admin\\\\BackupsAd...\', Array)\n#4 C:\\wamp64\\www\\lojavirtual\\public\\index.php(92): App\\Core\\Router->dispatch()\n#5 {main}','127.0.0.1','2026-02-26 22:41:33'),(167,'erro','preg_match(): Unknown modifier \'b\'','C:\\wamp64\\www\\lojavirtual\\App\\Core\\Router.php',128,NULL,'127.0.0.1','2026-02-26 23:09:15'),(168,'exception','Call to undefined method App\\Controllers\\Admin\\BackupsAdminController::autorizar()','C:\\wamp64\\www\\lojavirtual\\App\\Controllers\\Admin\\BackupsAdminController.php',58,'#0 [internal function]: App\\Controllers\\Admin\\BackupsAdminController->criarBD()\n#1 C:\\wamp64\\www\\lojavirtual\\App\\Core\\Router.php(162): call_user_func_array(Array, Array)\n#2 C:\\wamp64\\www\\lojavirtual\\App\\Core\\Router.php(129): App\\Core\\Router->executeAction(\'Admin\\\\BackupsAd...\', Array)\n#3 C:\\wamp64\\www\\lojavirtual\\public\\index.php(92): App\\Core\\Router->dispatch()\n#4 {main}','127.0.0.1','2026-02-26 23:24:12'),(163,'exception','Typed property App\\Core\\BaseController::$twig must not be accessed before initialization','C:\\wamp64\\www\\lojavirtual\\App\\Core\\BaseController.php',87,'#0 C:\\wamp64\\www\\lojavirtual\\App\\Controllers\\Admin\\BackupsAdminController.php(27): App\\Core\\BaseController->render(\'admin/backups/i...\', Array)\n#1 [internal function]: App\\Controllers\\Admin\\BackupsAdminController->index()\n#2 C:\\wamp64\\www\\lojavirtual\\App\\Core\\Router.php(156): call_user_func_array(Array, Array)\n#3 C:\\wamp64\\www\\lojavirtual\\App\\Core\\Router.php(129): App\\Core\\Router->executeAction(\'Admin\\\\BackupsAd...\', Array)\n#4 C:\\wamp64\\www\\lojavirtual\\public\\index.php(92): App\\Core\\Router->dispatch()\n#5 {main}','127.0.0.1','2026-02-26 22:23:15'),(164,'exception','Typed property App\\Core\\BaseController::$twig must not be accessed before initialization','C:\\wamp64\\www\\lojavirtual\\App\\Core\\BaseController.php',87,'#0 C:\\wamp64\\www\\lojavirtual\\App\\Controllers\\Admin\\BackupsAdminController.php(27): App\\Core\\BaseController->render(\'admin/backups/i...\', Array)\n#1 [internal function]: App\\Controllers\\Admin\\BackupsAdminController->index()\n#2 C:\\wamp64\\www\\lojavirtual\\App\\Core\\Router.php(183): call_user_func_array(Array, Array)\n#3 C:\\wamp64\\www\\lojavirtual\\App\\Core\\Router.php(153): App\\Core\\Router->executeAction(\'Admin\\\\BackupsAd...\', Array)\n#4 C:\\wamp64\\www\\lojavirtual\\public\\index.php(92): App\\Core\\Router->dispatch()\n#5 {main}','127.0.0.1','2026-02-26 22:39:41'),(165,'exception','Typed property App\\Core\\BaseController::$twig must not be accessed before initialization','C:\\wamp64\\www\\lojavirtual\\App\\Core\\BaseController.php',87,'#0 C:\\wamp64\\www\\lojavirtual\\App\\Controllers\\Admin\\BackupsAdminController.php(27): App\\Core\\BaseController->render(\'admin/backups/i...\', Array)\n#1 [internal function]: App\\Controllers\\Admin\\BackupsAdminController->index()\n#2 C:\\wamp64\\www\\lojavirtual\\App\\Core\\Router.php(183): call_user_func_array(Array, Array)\n#3 C:\\wamp64\\www\\lojavirtual\\App\\Core\\Router.php(153): App\\Core\\Router->executeAction(\'Admin\\\\BackupsAd...\', Array)\n#4 C:\\wamp64\\www\\lojavirtual\\public\\index.php(92): App\\Core\\Router->dispatch()\n#5 {main}','127.0.0.1','2026-02-26 22:39:51'),(160,'exception','Typed property App\\Core\\BaseController::$twig must not be accessed before initialization','C:\\wamp64\\www\\lojavirtual\\App\\Core\\BaseController.php',87,'#0 C:\\wamp64\\www\\lojavirtual\\App\\Controllers\\Admin\\BackupsAdminController.php(27): App\\Core\\BaseController->render(\'admin/backups/i...\', Array)\n#1 [internal function]: App\\Controllers\\Admin\\BackupsAdminController->index()\n#2 C:\\wamp64\\www\\lojavirtual\\App\\Core\\Router.php(156): call_user_func_array(Array, Array)\n#3 C:\\wamp64\\www\\lojavirtual\\App\\Core\\Router.php(129): App\\Core\\Router->executeAction(\'Admin\\\\BackupsAd...\', Array)\n#4 C:\\wamp64\\www\\lojavirtual\\public\\index.php(92): App\\Core\\Router->dispatch()\n#5 {main}','127.0.0.1','2026-02-26 21:59:27'),(161,'exception','Typed property App\\Core\\BaseController::$twig must not be accessed before initialization','C:\\wamp64\\www\\lojavirtual\\App\\Core\\BaseController.php',87,'#0 C:\\wamp64\\www\\lojavirtual\\App\\Controllers\\Admin\\BackupsAdminController.php(27): App\\Core\\BaseController->render(\'admin/backups/i...\', Array)\n#1 [internal function]: App\\Controllers\\Admin\\BackupsAdminController->index()\n#2 C:\\wamp64\\www\\lojavirtual\\App\\Core\\Router.php(156): call_user_func_array(Array, Array)\n#3 C:\\wamp64\\www\\lojavirtual\\App\\Core\\Router.php(129): App\\Core\\Router->executeAction(\'Admin\\\\BackupsAd...\', Array)\n#4 C:\\wamp64\\www\\lojavirtual\\public\\index.php(92): App\\Core\\Router->dispatch()\n#5 {main}','127.0.0.1','2026-02-26 22:02:23'),(162,'exception','Typed property App\\Core\\BaseController::$twig must not be accessed before initialization','C:\\wamp64\\www\\lojavirtual\\App\\Core\\BaseController.php',87,'#0 C:\\wamp64\\www\\lojavirtual\\App\\Controllers\\Admin\\BackupsAdminController.php(27): App\\Core\\BaseController->render(\'admin/backups/i...\', Array)\n#1 [internal function]: App\\Controllers\\Admin\\BackupsAdminController->index()\n#2 C:\\wamp64\\www\\lojavirtual\\App\\Core\\Router.php(156): call_user_func_array(Array, Array)\n#3 C:\\wamp64\\www\\lojavirtual\\App\\Core\\Router.php(129): App\\Core\\Router->executeAction(\'Admin\\\\BackupsAd...\', Array)\n#4 C:\\wamp64\\www\\lojavirtual\\public\\index.php(92): App\\Core\\Router->dispatch()\n#5 {main}','127.0.0.1','2026-02-26 22:07:42'),(158,'exception','Typed property App\\Core\\BaseController::$twig must not be accessed before initialization','C:\\wamp64\\www\\lojavirtual\\App\\Core\\BaseController.php',87,'#0 C:\\wamp64\\www\\lojavirtual\\App\\Controllers\\Admin\\BackupsAdminController.php(27): App\\Core\\BaseController->render(\'admin/backups/i...\', Array)\n#1 [internal function]: App\\Controllers\\Admin\\BackupsAdminController->index()\n#2 C:\\wamp64\\www\\lojavirtual\\App\\Core\\Router.php(156): call_user_func_array(Array, Array)\n#3 C:\\wamp64\\www\\lojavirtual\\App\\Core\\Router.php(129): App\\Core\\Router->executeAction(\'Admin\\\\BackupsAd...\', Array)\n#4 C:\\wamp64\\www\\lojavirtual\\public\\index.php(92): App\\Core\\Router->dispatch()\n#5 {main}','127.0.0.1','2026-02-26 21:59:18'),(159,'exception','Typed property App\\Core\\BaseController::$twig must not be accessed before initialization','C:\\wamp64\\www\\lojavirtual\\App\\Core\\BaseController.php',87,'#0 C:\\wamp64\\www\\lojavirtual\\App\\Controllers\\Admin\\BackupsAdminController.php(27): App\\Core\\BaseController->render(\'admin/backups/i...\', Array)\n#1 [internal function]: App\\Controllers\\Admin\\BackupsAdminController->index()\n#2 C:\\wamp64\\www\\lojavirtual\\App\\Core\\Router.php(156): call_user_func_array(Array, Array)\n#3 C:\\wamp64\\www\\lojavirtual\\App\\Core\\Router.php(129): App\\Core\\Router->executeAction(\'Admin\\\\BackupsAd...\', Array)\n#4 C:\\wamp64\\www\\lojavirtual\\public\\index.php(92): App\\Core\\Router->dispatch()\n#5 {main}','127.0.0.1','2026-02-26 21:59:22'),(155,'exception','Typed property App\\Core\\BaseController::$twig must not be accessed before initialization','C:\\wamp64\\www\\lojavirtual\\App\\Core\\BaseController.php',87,'#0 C:\\wamp64\\www\\lojavirtual\\App\\Controllers\\Admin\\BackupsAdminController.php(27): App\\Core\\BaseController->render(\'admin/backups/i...\', Array)\n#1 [internal function]: App\\Controllers\\Admin\\BackupsAdminController->index()\n#2 C:\\wamp64\\www\\lojavirtual\\App\\Core\\Router.php(156): call_user_func_array(Array, Array)\n#3 C:\\wamp64\\www\\lojavirtual\\App\\Core\\Router.php(129): App\\Core\\Router->executeAction(\'Admin\\\\BackupsAd...\', Array)\n#4 C:\\wamp64\\www\\lojavirtual\\public\\index.php(92): App\\Core\\Router->dispatch()\n#5 {main}','127.0.0.1','2026-02-26 21:56:35'),(156,'exception','Typed property App\\Core\\BaseController::$twig must not be accessed before initialization','C:\\wamp64\\www\\lojavirtual\\App\\Core\\BaseController.php',87,'#0 C:\\wamp64\\www\\lojavirtual\\App\\Controllers\\Admin\\BackupsAdminController.php(27): App\\Core\\BaseController->render(\'admin/backups/i...\', Array)\n#1 [internal function]: App\\Controllers\\Admin\\BackupsAdminController->index()\n#2 C:\\wamp64\\www\\lojavirtual\\App\\Core\\Router.php(156): call_user_func_array(Array, Array)\n#3 C:\\wamp64\\www\\lojavirtual\\App\\Core\\Router.php(129): App\\Core\\Router->executeAction(\'Admin\\\\BackupsAd...\', Array)\n#4 C:\\wamp64\\www\\lojavirtual\\public\\index.php(92): App\\Core\\Router->dispatch()\n#5 {main}','127.0.0.1','2026-02-26 21:56:36'),(157,'exception','Typed property App\\Core\\BaseController::$twig must not be accessed before initialization','C:\\wamp64\\www\\lojavirtual\\App\\Core\\BaseController.php',87,'#0 C:\\wamp64\\www\\lojavirtual\\App\\Controllers\\Admin\\BackupsAdminController.php(27): App\\Core\\BaseController->render(\'admin/backups/i...\', Array)\n#1 [internal function]: App\\Controllers\\Admin\\BackupsAdminController->index()\n#2 C:\\wamp64\\www\\lojavirtual\\App\\Core\\Router.php(156): call_user_func_array(Array, Array)\n#3 C:\\wamp64\\www\\lojavirtual\\App\\Core\\Router.php(129): App\\Core\\Router->executeAction(\'Admin\\\\BackupsAd...\', Array)\n#4 C:\\wamp64\\www\\lojavirtual\\public\\index.php(92): App\\Core\\Router->dispatch()\n#5 {main}','127.0.0.1','2026-02-26 21:59:13'),(152,'exception','Typed property App\\Core\\BaseController::$twig must not be accessed before initialization','C:\\wamp64\\www\\lojavirtual\\App\\Core\\BaseController.php',87,'#0 C:\\wamp64\\www\\lojavirtual\\App\\Controllers\\Admin\\BackupsAdminController.php(27): App\\Core\\BaseController->render(\'admin/backups/i...\', Array)\n#1 [internal function]: App\\Controllers\\Admin\\BackupsAdminController->index()\n#2 C:\\wamp64\\www\\lojavirtual\\App\\Core\\Router.php(156): call_user_func_array(Array, Array)\n#3 C:\\wamp64\\www\\lojavirtual\\App\\Core\\Router.php(129): App\\Core\\Router->executeAction(\'Admin\\\\BackupsAd...\', Array)\n#4 C:\\wamp64\\www\\lojavirtual\\public\\index.php(92): App\\Core\\Router->dispatch()\n#5 {main}','127.0.0.1','2026-02-26 21:27:10'),(153,'exception','Typed property App\\Core\\BaseController::$twig must not be accessed before initialization','C:\\wamp64\\www\\lojavirtual\\App\\Core\\BaseController.php',87,'#0 C:\\wamp64\\www\\lojavirtual\\App\\Controllers\\Admin\\BackupsAdminController.php(27): App\\Core\\BaseController->render(\'admin/backups/i...\', Array)\n#1 [internal function]: App\\Controllers\\Admin\\BackupsAdminController->index()\n#2 C:\\wamp64\\www\\lojavirtual\\App\\Core\\Router.php(156): call_user_func_array(Array, Array)\n#3 C:\\wamp64\\www\\lojavirtual\\App\\Core\\Router.php(129): App\\Core\\Router->executeAction(\'Admin\\\\BackupsAd...\', Array)\n#4 C:\\wamp64\\www\\lojavirtual\\public\\index.php(92): App\\Core\\Router->dispatch()\n#5 {main}','127.0.0.1','2026-02-26 21:54:04'),(154,'exception','Typed property App\\Core\\BaseController::$twig must not be accessed before initialization','C:\\wamp64\\www\\lojavirtual\\App\\Core\\BaseController.php',87,'#0 C:\\wamp64\\www\\lojavirtual\\App\\Controllers\\Admin\\BackupsAdminController.php(27): App\\Core\\BaseController->render(\'admin/backups/i...\', Array)\n#1 [internal function]: App\\Controllers\\Admin\\BackupsAdminController->index()\n#2 C:\\wamp64\\www\\lojavirtual\\App\\Core\\Router.php(156): call_user_func_array(Array, Array)\n#3 C:\\wamp64\\www\\lojavirtual\\App\\Core\\Router.php(129): App\\Core\\Router->executeAction(\'Admin\\\\BackupsAd...\', Array)\n#4 C:\\wamp64\\www\\lojavirtual\\public\\index.php(92): App\\Core\\Router->dispatch()\n#5 {main}','127.0.0.1','2026-02-26 21:56:32'),(148,'error','include(C:\\wamp64\\www\\lojavirtual\\vendor\\composer/../../App/Controllers/Admin/BackupsAdminController.php): Failed to open stream: No such file or directory','C:\\wamp64\\www\\lojavirtual\\vendor\\composer\\ClassLoader.php',576,NULL,'127.0.0.1','2026-02-26 20:59:18'),(149,'error','include(): Failed opening \'C:\\wamp64\\www\\lojavirtual\\vendor\\composer/../../App/Controllers/Admin/BackupsAdminController.php\' for inclusion (include_path=\'.;C:\\php\\pear\')','C:\\wamp64\\www\\lojavirtual\\vendor\\composer\\ClassLoader.php',576,NULL,'127.0.0.1','2026-02-26 20:59:18'),(150,'exception','Controller App\\Controllers\\Admin\\BackupsAdminController não encontrado.','C:\\wamp64\\www\\lojavirtual\\App\\Core\\Router.php',147,'#0 C:\\wamp64\\www\\lojavirtual\\App\\Core\\Router.php(129): App\\Core\\Router->executeAction(\'Admin\\\\BackupsAd...\', Array)\n#1 C:\\wamp64\\www\\lojavirtual\\public\\index.php(92): App\\Core\\Router->dispatch()\n#2 {main}','127.0.0.1','2026-02-26 20:59:18'),(151,'exception','Typed property App\\Core\\BaseController::$twig must not be accessed before initialization','C:\\wamp64\\www\\lojavirtual\\App\\Core\\BaseController.php',87,'#0 C:\\wamp64\\www\\lojavirtual\\App\\Controllers\\Admin\\BackupsAdminController.php(27): App\\Core\\BaseController->render(\'admin/backups/i...\', Array)\n#1 [internal function]: App\\Controllers\\Admin\\BackupsAdminController->index()\n#2 C:\\wamp64\\www\\lojavirtual\\App\\Core\\Router.php(156): call_user_func_array(Array, Array)\n#3 C:\\wamp64\\www\\lojavirtual\\App\\Core\\Router.php(129): App\\Core\\Router->executeAction(\'Admin\\\\BackupsAd...\', Array)\n#4 C:\\wamp64\\www\\lojavirtual\\public\\index.php(92): App\\Core\\Router->dispatch()\n#5 {main}','127.0.0.1','2026-02-26 21:03:05'),(145,'exception','Typed property App\\Core\\BaseController::$twig must not be accessed before initialization','C:\\wamp64\\www\\lojavirtual\\App\\Core\\BaseController.php',87,'#0 C:\\wamp64\\www\\lojavirtual\\App\\Controllers\\Admin\\BackupsAdminController.php(27): App\\Core\\BaseController->render(\'admin/backups/i...\', Array)\n#1 [internal function]: App\\Controllers\\Admin\\BackupsAdminController->index()\n#2 C:\\wamp64\\www\\lojavirtual\\App\\Core\\Router.php(156): call_user_func_array(Array, Array)\n#3 C:\\wamp64\\www\\lojavirtual\\App\\Core\\Router.php(129): App\\Core\\Router->executeAction(\'Admin\\\\BackupsAd...\', Array)\n#4 C:\\wamp64\\www\\lojavirtual\\public\\index.php(92): App\\Core\\Router->dispatch()\n#5 {main}','127.0.0.1','2026-02-26 20:47:25'),(146,'exception','Typed property App\\Core\\BaseController::$twig must not be accessed before initialization','C:\\wamp64\\www\\lojavirtual\\App\\Core\\BaseController.php',87,'#0 C:\\wamp64\\www\\lojavirtual\\App\\Controllers\\Admin\\BackupsAdminController.php(27): App\\Core\\BaseController->render(\'admin/backups/i...\', Array)\n#1 [internal function]: App\\Controllers\\Admin\\BackupsAdminController->index()\n#2 C:\\wamp64\\www\\lojavirtual\\App\\Core\\Router.php(156): call_user_func_array(Array, Array)\n#3 C:\\wamp64\\www\\lojavirtual\\App\\Core\\Router.php(129): App\\Core\\Router->executeAction(\'Admin\\\\BackupsAd...\', Array)\n#4 C:\\wamp64\\www\\lojavirtual\\public\\index.php(92): App\\Core\\Router->dispatch()\n#5 {main}','127.0.0.1','2026-02-26 20:47:27'),(147,'exception','Typed property App\\Core\\BaseController::$twig must not be accessed before initialization','C:\\wamp64\\www\\lojavirtual\\App\\Core\\BaseController.php',87,'#0 C:\\wamp64\\www\\lojavirtual\\App\\Controllers\\Admin\\BackupsAdminController.php(27): App\\Core\\BaseController->render(\'admin/backups/i...\', Array)\n#1 [internal function]: App\\Controllers\\Admin\\BackupsAdminController->index()\n#2 C:\\wamp64\\www\\lojavirtual\\App\\Core\\Router.php(156): call_user_func_array(Array, Array)\n#3 C:\\wamp64\\www\\lojavirtual\\App\\Core\\Router.php(129): App\\Core\\Router->executeAction(\'Admin\\\\BackupsAd...\', Array)\n#4 C:\\wamp64\\www\\lojavirtual\\public\\index.php(92): App\\Core\\Router->dispatch()\n#5 {main}','127.0.0.1','2026-02-26 20:47:45'),(142,'exception','Typed property App\\Core\\BaseController::$twig must not be accessed before initialization','C:\\wamp64\\www\\lojavirtual\\App\\Core\\BaseController.php',87,'#0 C:\\wamp64\\www\\lojavirtual\\App\\Controllers\\Admin\\BackupsAdminController.php(27): App\\Core\\BaseController->render(\'admin/backups/i...\', Array)\n#1 [internal function]: App\\Controllers\\Admin\\BackupsAdminController->index()\n#2 C:\\wamp64\\www\\lojavirtual\\App\\Core\\Router.php(156): call_user_func_array(Array, Array)\n#3 C:\\wamp64\\www\\lojavirtual\\App\\Core\\Router.php(129): App\\Core\\Router->executeAction(\'Admin\\\\BackupsAd...\', Array)\n#4 C:\\wamp64\\www\\lojavirtual\\public\\index.php(92): App\\Core\\Router->dispatch()\n#5 {main}','127.0.0.1','2026-02-26 20:43:00'),(143,'exception','Typed property App\\Core\\BaseController::$twig must not be accessed before initialization','C:\\wamp64\\www\\lojavirtual\\App\\Core\\BaseController.php',87,'#0 C:\\wamp64\\www\\lojavirtual\\App\\Controllers\\Admin\\BackupsAdminController.php(27): App\\Core\\BaseController->render(\'admin/backups/i...\', Array)\n#1 [internal function]: App\\Controllers\\Admin\\BackupsAdminController->index()\n#2 C:\\wamp64\\www\\lojavirtual\\App\\Core\\Router.php(156): call_user_func_array(Array, Array)\n#3 C:\\wamp64\\www\\lojavirtual\\App\\Core\\Router.php(129): App\\Core\\Router->executeAction(\'Admin\\\\BackupsAd...\', Array)\n#4 C:\\wamp64\\www\\lojavirtual\\public\\index.php(92): App\\Core\\Router->dispatch()\n#5 {main}','127.0.0.1','2026-02-26 20:45:54'),(144,'exception','Typed property App\\Core\\BaseController::$twig must not be accessed before initialization','C:\\wamp64\\www\\lojavirtual\\App\\Core\\BaseController.php',87,'#0 C:\\wamp64\\www\\lojavirtual\\App\\Controllers\\Admin\\BackupsAdminController.php(27): App\\Core\\BaseController->render(\'admin/backups/i...\', Array)\n#1 [internal function]: App\\Controllers\\Admin\\BackupsAdminController->index()\n#2 C:\\wamp64\\www\\lojavirtual\\App\\Core\\Router.php(156): call_user_func_array(Array, Array)\n#3 C:\\wamp64\\www\\lojavirtual\\App\\Core\\Router.php(129): App\\Core\\Router->executeAction(\'Admin\\\\BackupsAd...\', Array)\n#4 C:\\wamp64\\www\\lojavirtual\\public\\index.php(92): App\\Core\\Router->dispatch()\n#5 {main}','127.0.0.1','2026-02-26 20:47:21'),(139,'exception','Typed property App\\Core\\BaseController::$twig must not be accessed before initialization','C:\\wamp64\\www\\lojavirtual\\App\\Core\\BaseController.php',87,'#0 C:\\wamp64\\www\\lojavirtual\\App\\Controllers\\Admin\\BackupsAdminController.php(27): App\\Core\\BaseController->render(\'admin/backups/i...\', Array)\n#1 [internal function]: App\\Controllers\\Admin\\BackupsAdminController->index()\n#2 C:\\wamp64\\www\\lojavirtual\\App\\Core\\Router.php(156): call_user_func_array(Array, Array)\n#3 C:\\wamp64\\www\\lojavirtual\\App\\Core\\Router.php(129): App\\Core\\Router->executeAction(\'Admin\\\\BackupsAd...\', Array)\n#4 C:\\wamp64\\www\\lojavirtual\\public\\index.php(92): App\\Core\\Router->dispatch()\n#5 {main}','127.0.0.1','2026-02-26 20:21:46'),(140,'exception','Call to undefined function App\\Controllers\\Admin\\dd()','C:\\wamp64\\www\\lojavirtual\\App\\Controllers\\Admin\\BackupsAdminController.php',23,'#0 [internal function]: App\\Controllers\\Admin\\BackupsAdminController->index()\n#1 C:\\wamp64\\www\\lojavirtual\\App\\Core\\Router.php(156): call_user_func_array(Array, Array)\n#2 C:\\wamp64\\www\\lojavirtual\\App\\Core\\Router.php(129): App\\Core\\Router->executeAction(\'Admin\\\\BackupsAd...\', Array)\n#3 C:\\wamp64\\www\\lojavirtual\\public\\index.php(92): App\\Core\\Router->dispatch()\n#4 {main}','127.0.0.1','2026-02-26 20:28:50'),(141,'exception','Call to undefined function App\\Controllers\\Admin\\dd()','C:\\wamp64\\www\\lojavirtual\\App\\Controllers\\Admin\\BackupsAdminController.php',23,'#0 [internal function]: App\\Controllers\\Admin\\BackupsAdminController->index()\n#1 C:\\wamp64\\www\\lojavirtual\\App\\Core\\Router.php(156): call_user_func_array(Array, Array)\n#2 C:\\wamp64\\www\\lojavirtual\\App\\Core\\Router.php(129): App\\Core\\Router->executeAction(\'Admin\\\\BackupsAd...\', Array)\n#3 C:\\wamp64\\www\\lojavirtual\\public\\index.php(92): App\\Core\\Router->dispatch()\n#4 {main}','127.0.0.1','2026-02-26 20:29:12'),(136,'exception','Typed property App\\Core\\BaseController::$twig must not be accessed before initialization','C:\\wamp64\\www\\lojavirtual\\App\\Core\\BaseController.php',87,'#0 C:\\wamp64\\www\\lojavirtual\\App\\Controllers\\Admin\\BackupsAdminController.php(27): App\\Core\\BaseController->render(\'admin/backups/i...\', Array)\n#1 [internal function]: App\\Controllers\\Admin\\BackupsAdminController->index()\n#2 C:\\wamp64\\www\\lojavirtual\\App\\Core\\Router.php(156): call_user_func_array(Array, Array)\n#3 C:\\wamp64\\www\\lojavirtual\\App\\Core\\Router.php(129): App\\Core\\Router->executeAction(\'Admin\\\\BackupsAd...\', Array)\n#4 C:\\wamp64\\www\\lojavirtual\\public\\index.php(92): App\\Core\\Router->dispatch()\n#5 {main}','127.0.0.1','2026-02-26 20:10:46'),(137,'exception','Typed property App\\Core\\BaseController::$twig must not be accessed before initialization','C:\\wamp64\\www\\lojavirtual\\App\\Core\\BaseController.php',87,'#0 C:\\wamp64\\www\\lojavirtual\\App\\Controllers\\Admin\\BackupsAdminController.php(27): App\\Core\\BaseController->render(\'admin/backups/i...\', Array)\n#1 [internal function]: App\\Controllers\\Admin\\BackupsAdminController->index()\n#2 C:\\wamp64\\www\\lojavirtual\\App\\Core\\Router.php(156): call_user_func_array(Array, Array)\n#3 C:\\wamp64\\www\\lojavirtual\\App\\Core\\Router.php(129): App\\Core\\Router->executeAction(\'Admin\\\\BackupsAd...\', Array)\n#4 C:\\wamp64\\www\\lojavirtual\\public\\index.php(92): App\\Core\\Router->dispatch()\n#5 {main}','127.0.0.1','2026-02-26 20:11:05'),(138,'exception','Typed property App\\Core\\BaseController::$twig must not be accessed before initialization','C:\\wamp64\\www\\lojavirtual\\App\\Core\\BaseController.php',87,'#0 C:\\wamp64\\www\\lojavirtual\\App\\Controllers\\Admin\\BackupsAdminController.php(27): App\\Core\\BaseController->render(\'admin/backups/i...\', Array)\n#1 [internal function]: App\\Controllers\\Admin\\BackupsAdminController->index()\n#2 C:\\wamp64\\www\\lojavirtual\\App\\Core\\Router.php(156): call_user_func_array(Array, Array)\n#3 C:\\wamp64\\www\\lojavirtual\\App\\Core\\Router.php(129): App\\Core\\Router->executeAction(\'Admin\\\\BackupsAd...\', Array)\n#4 C:\\wamp64\\www\\lojavirtual\\public\\index.php(92): App\\Core\\Router->dispatch()\n#5 {main}','127.0.0.1','2026-02-26 20:14:20'),(135,'exception','Controller App\\Controllers\\Admin\\BackupsAdminController não encontrado.','C:\\wamp64\\www\\lojavirtual\\App\\Core\\Router.php',147,'#0 C:\\wamp64\\www\\lojavirtual\\App\\Core\\Router.php(129): App\\Core\\Router->executeAction(\'Admin\\\\BackupsAd...\', Array)\n#1 C:\\wamp64\\www\\lojavirtual\\public\\index.php(92): App\\Core\\Router->dispatch()\n#2 {main}','127.0.0.1','2026-02-26 19:54:55'),(134,'exception','Controller App\\Controllers\\Admin\\BackupsAdminController não encontrado.','C:\\wamp64\\www\\lojavirtual\\App\\Core\\Router.php',147,'#0 C:\\wamp64\\www\\lojavirtual\\App\\Core\\Router.php(129): App\\Core\\Router->executeAction(\'Admin\\\\BackupsAd...\', Array)\n#1 C:\\wamp64\\www\\lojavirtual\\public\\index.php(92): App\\Core\\Router->dispatch()\n#2 {main}','127.0.0.1','2026-02-26 19:54:38'),(133,'exception','Controller App\\Controllers\\Admin\\BackupsAdminController não encontrado.','C:\\wamp64\\www\\lojavirtual\\App\\Core\\Router.php',147,'#0 C:\\wamp64\\www\\lojavirtual\\App\\Core\\Router.php(129): App\\Core\\Router->executeAction(\'Admin\\\\BackupsAd...\', Array)\n#1 C:\\wamp64\\www\\lojavirtual\\public\\index.php(92): App\\Core\\Router->dispatch()\n#2 {main}','127.0.0.1','2026-02-26 19:54:34'),(132,'exception','Controller App\\Controllers\\Admin\\BackupsAdminController não encontrado.','C:\\wamp64\\www\\lojavirtual\\App\\Core\\Router.php',147,'#0 C:\\wamp64\\www\\lojavirtual\\App\\Core\\Router.php(129): App\\Core\\Router->executeAction(\'Admin\\\\BackupsAd...\', Array)\n#1 C:\\wamp64\\www\\lojavirtual\\public\\index.php(92): App\\Core\\Router->dispatch()\n#2 {main}','127.0.0.1','2026-02-26 19:50:53'),(131,'exception','Controller App\\Controllers\\Admin\\BackupsAdminController não encontrado.','C:\\wamp64\\www\\lojavirtual\\App\\Core\\Router.php',147,'#0 C:\\wamp64\\www\\lojavirtual\\App\\Core\\Router.php(129): App\\Core\\Router->executeAction(\'Admin\\\\BackupsAd...\', Array)\n#1 C:\\wamp64\\www\\lojavirtual\\public\\index.php(92): App\\Core\\Router->dispatch()\n#2 {main}','127.0.0.1','2026-02-26 19:50:48'),(130,'exception','Controller App\\Controllers\\Admin\\BackupsAdminController não encontrado.','C:\\wamp64\\www\\lojavirtual\\App\\Core\\Router.php',147,'#0 C:\\wamp64\\www\\lojavirtual\\App\\Core\\Router.php(129): App\\Core\\Router->executeAction(\'Admin\\\\BackupsAd...\', Array)\n#1 C:\\wamp64\\www\\lojavirtual\\public\\index.php(92): App\\Core\\Router->dispatch()\n#2 {main}','127.0.0.1','2026-02-26 19:19:03'),(128,'exception','Controller App\\Controllers\\Admin\\BackupsAdminController não encontrado.','C:\\wamp64\\www\\lojavirtual\\App\\Core\\Router.php',147,'#0 C:\\wamp64\\www\\lojavirtual\\App\\Core\\Router.php(129): App\\Core\\Router->executeAction(\'Admin\\\\BackupsAd...\', Array)\n#1 C:\\wamp64\\www\\lojavirtual\\public\\index.php(92): App\\Core\\Router->dispatch()\n#2 {main}','127.0.0.1','2026-02-26 17:45:01'),(129,'exception','Controller App\\Controllers\\Admin\\BackupsAdminController não encontrado.','C:\\wamp64\\www\\lojavirtual\\App\\Core\\Router.php',147,'#0 C:\\wamp64\\www\\lojavirtual\\App\\Core\\Router.php(129): App\\Core\\Router->executeAction(\'Admin\\\\BackupsAd...\', Array)\n#1 C:\\wamp64\\www\\lojavirtual\\public\\index.php(92): App\\Core\\Router->dispatch()\n#2 {main}','127.0.0.1','2026-02-26 18:28:11'),(126,'exception','Controller App\\Controllers\\Admin\\BackupsAdminController não encontrado.','C:\\wamp64\\www\\lojavirtual\\App\\Core\\Router.php',147,'#0 C:\\wamp64\\www\\lojavirtual\\App\\Core\\Router.php(129): App\\Core\\Router->executeAction(\'Admin\\\\BackupsAd...\', Array)\n#1 C:\\wamp64\\www\\lojavirtual\\public\\index.php(92): App\\Core\\Router->dispatch()\n#2 {main}','127.0.0.1','2026-02-26 17:11:44'),(127,'exception','Controller App\\Controllers\\Admin\\BackupsAdminController não encontrado.','C:\\wamp64\\www\\lojavirtual\\App\\Core\\Router.php',147,'#0 C:\\wamp64\\www\\lojavirtual\\App\\Core\\Router.php(129): App\\Core\\Router->executeAction(\'Admin\\\\BackupsAd...\', Array)\n#1 C:\\wamp64\\www\\lojavirtual\\public\\index.php(92): App\\Core\\Router->dispatch()\n#2 {main}','127.0.0.1','2026-02-26 17:23:58'),(115,'teste','isto é um teste',NULL,NULL,NULL,'127.0.0.1','2026-02-25 16:34:45'),(116,'exception','Controller App\\Controllers\\Admin\\BackupAdminController não encontrado.','C:\\wamp64\\www\\lojavirtual\\App\\Core\\Router.php',147,'#0 C:\\wamp64\\www\\lojavirtual\\App\\Core\\Router.php(129): App\\Core\\Router->executeAction(\'Admin\\\\BackupAdm...\', Array)\n#1 C:\\wamp64\\www\\lojavirtual\\public\\index.php(92): App\\Core\\Router->dispatch()\n#2 {main}','127.0.0.1','2026-02-25 19:42:44'),(117,'exception','Controller App\\Controllers\\Admin\\BackupAdminController não encontrado.','C:\\wamp64\\www\\lojavirtual\\App\\Core\\Router.php',147,'#0 C:\\wamp64\\www\\lojavirtual\\App\\Core\\Router.php(129): App\\Core\\Router->executeAction(\'Admin\\\\BackupAdm...\', Array)\n#1 C:\\wamp64\\www\\lojavirtual\\public\\index.php(92): App\\Core\\Router->dispatch()\n#2 {main}','127.0.0.1','2026-02-25 19:45:54'),(118,'exception','Controller App\\Controllers\\Admin\\BackupAdminController não encontrado.','C:\\wamp64\\www\\lojavirtual\\App\\Core\\Router.php',147,'#0 C:\\wamp64\\www\\lojavirtual\\App\\Core\\Router.php(129): App\\Core\\Router->executeAction(\'Admin\\\\BackupAdm...\', Array)\n#1 C:\\wamp64\\www\\lojavirtual\\public\\index.php(92): App\\Core\\Router->dispatch()\n#2 {main}','127.0.0.1','2026-02-26 16:40:47'),(119,'exception','Controller App\\Controllers\\Admin\\BackupAdminController não encontrado.','C:\\wamp64\\www\\lojavirtual\\App\\Core\\Router.php',147,'#0 C:\\wamp64\\www\\lojavirtual\\App\\Core\\Router.php(129): App\\Core\\Router->executeAction(\'Admin\\\\BackupAdm...\', Array)\n#1 C:\\wamp64\\www\\lojavirtual\\public\\index.php(92): App\\Core\\Router->dispatch()\n#2 {main}','127.0.0.1','2026-02-26 16:54:09'),(120,'exception','Controller App\\Controllers\\Admin\\BackupAdminController não encontrado.','C:\\wamp64\\www\\lojavirtual\\App\\Core\\Router.php',147,'#0 C:\\wamp64\\www\\lojavirtual\\App\\Core\\Router.php(129): App\\Core\\Router->executeAction(\'Admin\\\\BackupAdm...\', Array)\n#1 C:\\wamp64\\www\\lojavirtual\\public\\index.php(92): App\\Core\\Router->dispatch()\n#2 {main}','127.0.0.1','2026-02-26 16:56:35'),(121,'exception','Controller App\\Controllers\\Admin\\BackupAdminController não encontrado.','C:\\wamp64\\www\\lojavirtual\\App\\Core\\Router.php',147,'#0 C:\\wamp64\\www\\lojavirtual\\App\\Core\\Router.php(129): App\\Core\\Router->executeAction(\'Admin\\\\BackupAdm...\', Array)\n#1 C:\\wamp64\\www\\lojavirtual\\public\\index.php(92): App\\Core\\Router->dispatch()\n#2 {main}','127.0.0.1','2026-02-26 16:57:08'),(122,'exception','Controller App\\Controllers\\Admin\\BackupAdminController não encontrado.','C:\\wamp64\\www\\lojavirtual\\App\\Core\\Router.php',147,'#0 C:\\wamp64\\www\\lojavirtual\\App\\Core\\Router.php(129): App\\Core\\Router->executeAction(\'Admin\\\\BackupAdm...\', Array)\n#1 C:\\wamp64\\www\\lojavirtual\\public\\index.php(92): App\\Core\\Router->dispatch()\n#2 {main}','127.0.0.1','2026-02-26 16:57:14'),(123,'exception','Controller App\\Controllers\\Admin\\BackupAdminController não encontrado.','C:\\wamp64\\www\\lojavirtual\\App\\Core\\Router.php',147,'#0 C:\\wamp64\\www\\lojavirtual\\App\\Core\\Router.php(129): App\\Core\\Router->executeAction(\'Admin\\\\BackupAdm...\', Array)\n#1 C:\\wamp64\\www\\lojavirtual\\public\\index.php(92): App\\Core\\Router->dispatch()\n#2 {main}','127.0.0.1','2026-02-26 16:57:17'),(124,'exception','Controller App\\Controllers\\Admin\\BackupAdminController não encontrado.','C:\\wamp64\\www\\lojavirtual\\App\\Core\\Router.php',147,'#0 C:\\wamp64\\www\\lojavirtual\\App\\Core\\Router.php(129): App\\Core\\Router->executeAction(\'Admin\\\\BackupAdm...\', Array)\n#1 C:\\wamp64\\www\\lojavirtual\\public\\index.php(92): App\\Core\\Router->dispatch()\n#2 {main}','127.0.0.1','2026-02-26 16:57:24'),(125,'exception','Controller App\\Controllers\\Admin\\BackupsAdminController não encontrado.','C:\\wamp64\\www\\lojavirtual\\App\\Core\\Router.php',147,'#0 C:\\wamp64\\www\\lojavirtual\\App\\Core\\Router.php(129): App\\Core\\Router->executeAction(\'Admin\\\\BackupsAd...\', Array)\n#1 C:\\wamp64\\www\\lojavirtual\\public\\index.php(92): App\\Core\\Router->dispatch()\n#2 {main}','127.0.0.1','2026-02-26 17:02:04');
/*!40000 ALTER TABLE `logs_sistema` ENABLE KEYS */;
UNLOCK TABLES;

--
-- Table structure for table `perfis`
--

DROP TABLE IF EXISTS `perfis`;
/*!40101 SET @saved_cs_client     = @@character_set_client */;
/*!50503 SET character_set_client = utf8mb4 */;
CREATE TABLE `perfis` (
  `id` int NOT NULL AUTO_INCREMENT,
  `nome` varchar(50) NOT NULL,
  `descricao` varchar(255) DEFAULT NULL,
  `ativo` tinyint(1) NOT NULL DEFAULT '1',
  `criado_em` datetime NOT NULL DEFAULT CURRENT_TIMESTAMP,
  PRIMARY KEY (`id`),
  UNIQUE KEY `nome` (`nome`)
) ENGINE=InnoDB AUTO_INCREMENT=10 DEFAULT CHARSET=utf8mb4 COLLATE=utf8mb4_0900_ai_ci;
/*!40101 SET character_set_client = @saved_cs_client */;

--
-- Dumping data for table `perfis`
--

LOCK TABLES `perfis` WRITE;
/*!40000 ALTER TABLE `perfis` DISABLE KEYS */;
INSERT INTO `perfis` VALUES (1,'admin','Administrador do sistema',1,'2026-02-17 18:03:49'),(2,'Administrador','Administrador do Sistema',1,'2026-02-17 18:03:49'),(3,'Gestor','Gestor de Sistema',1,'2026-02-24 20:23:10'),(4,'Utilizador','Utilizador de Sistema',1,'2026-02-24 20:36:31'),(9,'Supervisor','Supervisor de Sistema',1,'2026-02-25 14:00:35');
/*!40000 ALTER TABLE `perfis` ENABLE KEYS */;
UNLOCK TABLES;

--
-- Table structure for table `perfis_permissoes`
--

DROP TABLE IF EXISTS `perfis_permissoes`;
/*!40101 SET @saved_cs_client     = @@character_set_client */;
/*!50503 SET character_set_client = utf8mb4 */;
CREATE TABLE `perfis_permissoes` (
  `perfil_id` int NOT NULL,
  `permissao_id` int NOT NULL,
  PRIMARY KEY (`perfil_id`,`permissao_id`),
  KEY `fk_permissao` (`permissao_id`),
  CONSTRAINT `fk_perfil` FOREIGN KEY (`perfil_id`) REFERENCES `perfis` (`id`) ON DELETE CASCADE,
  CONSTRAINT `fk_permissao` FOREIGN KEY (`permissao_id`) REFERENCES `permissoes` (`id`) ON DELETE CASCADE
) ENGINE=InnoDB DEFAULT CHARSET=utf8mb4 COLLATE=utf8mb4_0900_ai_ci;
/*!40101 SET character_set_client = @saved_cs_client */;

--
-- Dumping data for table `perfis_permissoes`
--

LOCK TABLES `perfis_permissoes` WRITE;
/*!40000 ALTER TABLE `perfis_permissoes` DISABLE KEYS */;
INSERT INTO `perfis_permissoes` VALUES (2,976),(2,977),(2,978),(2,979),(2,980),(2,981),(2,982),(2,983),(2,984),(2,985),(2,986),(2,987),(2,988),(2,989),(2,990),(2,991),(2,992),(2,993),(2,994),(2,995),(2,996),(2,997),(2,998),(2,999),(2,1000),(2,1001),(2,1002),(2,1003),(2,1004),(4,1004),(2,1005),(4,1005),(2,1006),(4,1006),(2,1007),(4,1007),(2,1008),(2,1009),(2,1010),(2,1011),(2,1012),(2,1013);
/*!40000 ALTER TABLE `perfis_permissoes` ENABLE KEYS */;
UNLOCK TABLES;

--
-- Table structure for table `permissoes`
--

DROP TABLE IF EXISTS `permissoes`;
/*!40101 SET @saved_cs_client     = @@character_set_client */;
/*!50503 SET character_set_client = utf8mb4 */;
CREATE TABLE `permissoes` (
  `id` int NOT NULL AUTO_INCREMENT,
  `codigo` varchar(100) NOT NULL,
  `descricao` varchar(255) DEFAULT NULL,
  PRIMARY KEY (`id`),
  UNIQUE KEY `codigo` (`codigo`)
) ENGINE=InnoDB AUTO_INCREMENT=1014 DEFAULT CHARSET=utf8mb4 COLLATE=utf8mb4_0900_ai_ci;
/*!40101 SET character_set_client = @saved_cs_client */;

--
-- Dumping data for table `permissoes`
--

LOCK TABLES `permissoes` WRITE;
/*!40000 ALTER TABLE `permissoes` DISABLE KEYS */;
INSERT INTO `permissoes` VALUES (976,'admin.dashboard.ver','Aceder ao dashboard'),(977,'admin.utilizadores.ver','Listar utilizadores'),(978,'admin.utilizadores.criar','Criar utilizadores'),(979,'admin.utilizadores.editar','Editar utilizadores'),(980,'admin.utilizadores.apagar','Apagar utilizadores'),(981,'admin.perfis.ver','Listar perfis'),(982,'admin.perfis.criar','Criar perfis'),(983,'admin.perfis.editar','Editar perfis'),(984,'admin.perfis.apagar','Apagar perfis'),(985,'admin.perfis.permissoes','Gerir permissões do perfil'),(986,'admin.permissoes.ver','Listar permissões'),(987,'admin.permissoes.criar','Criar permissões'),(988,'admin.permissoes.editar','Editar permissões'),(989,'admin.permissoes.apagar','Apagar permissões'),(990,'admin.permissoes.sincronizar','Sincronizar permissões'),(991,'admin.backups.bd.ver','Ver backups da base de dados'),(992,'admin.backups.bd.criar','Criar backup da base de dados'),(993,'admin.backups.bd.download','Descarregar backup da base de dados'),(994,'admin.backups.bd.apagar','Apagar backup da base de dados'),(995,'admin.backups.bd.restaurar','Restaurar backup da base de dados'),(996,'admin.backups.bd.restaurar.confirmar','Confirmar restauro da base de dados'),(997,'admin.backups.bd.restaurar.executar','Executar restauro da base de dados'),(998,'admin.backups.files.ver','Ver backups de ficheiros'),(999,'admin.backups.files.criar','Criar backup de ficheiros'),(1000,'admin.backups.files.download','Descarregar backup de ficheiros'),(1001,'admin.backups.files.apagar','Apagar backup de ficheiros'),(1002,'admin.backups.agendamentos.ver','Ver agendamentos de backups'),(1003,'admin.backups.agendamentos.editar','Editar agendamentos de backups'),(1004,'admin.documentos.ver','Listar documentos'),(1005,'admin.documentos.criar','Criar documentos'),(1006,'admin.documentos.editar','Editar documentos'),(1007,'admin.documentos.apagar','Apagar documentos'),(1008,'admin.documentos.download','Descarregar documentos'),(1009,'admin.logs.ver','Ver logs do sistema'),(1010,'admin.logs.apagar','Apagar logs do sistema'),(1011,'admin.auditoria.ver','Ver auditoria do sistema'),(1012,'admin.config.ver','Ver configurações'),(1013,'admin.config.editar','Editar configurações');
/*!40000 ALTER TABLE `permissoes` ENABLE KEYS */;
UNLOCK TABLES;

--
-- Table structure for table `utilizadores`
--

DROP TABLE IF EXISTS `utilizadores`;
/*!40101 SET @saved_cs_client     = @@character_set_client */;
/*!50503 SET character_set_client = utf8mb4 */;
CREATE TABLE `utilizadores` (
  `id` int NOT NULL AUTO_INCREMENT,
  `nome` varchar(100) NOT NULL,
  `email` varchar(120) NOT NULL,
  `password` varchar(255) DEFAULT NULL,
  `perfil_id` int NOT NULL,
  `ativo` tinyint(1) DEFAULT '1',
  `criado_em` datetime DEFAULT CURRENT_TIMESTAMP,
  PRIMARY KEY (`id`),
  UNIQUE KEY `email` (`email`)
) ENGINE=MyISAM AUTO_INCREMENT=29 DEFAULT CHARSET=utf8mb4 COLLATE=utf8mb4_0900_ai_ci;
/*!40101 SET character_set_client = @saved_cs_client */;

--
-- Dumping data for table `utilizadores`
--

LOCK TABLES `utilizadores` WRITE;
/*!40000 ALTER TABLE `utilizadores` DISABLE KEYS */;
INSERT INTO `utilizadores` VALUES (2,'Administrador','admin@admin.com','$2y$12$jPzCzZNPBbd5m33N6Xb4yeX5LVDZVXwp0rTC6aOHwTqAklgymf0.i',2,1,'2026-02-06 21:53:40'),(3,'admin','admin@local.com','admin123',1,1,'2026-02-07 18:42:41'),(4,'Antonio','anferalta@gmail.com','$2y$12$9GNk59my7060OVJX4Q7DTOPW5TR1UW0VQ06DBhx96r0y1cRRPYKfu',2,1,'2026-02-15 19:44:41'),(11,'GI','gi@gi.com','$2y$12$z3lqN4eydpLqNabp533RB.Iz1cyRmXbqakgG6Uax6E.On2i9IRF4q',9,1,'2026-02-15 21:03:31'),(17,'tony','ta@ta.com','$2y$12$CtKoa1DRsD.kovF.ma5Fru3j9VSF1wfN5vOObbgGZP2j74i/hjT86',9,0,'2026-02-15 22:24:40'),(19,'almeida','al@al.com','$2y$12$VeVrwIdjvA3nNZddhPZOCe0XnwAsLYOZ9STvvUtverQKbVyh7rd1G',4,1,'2026-02-16 12:45:58'),(15,'Katy','ka@ka.com','$2y$12$r3M5M7/0xcuJaAdGwk2cLuHSlL/2lFSSAIkzVUn6jIdw3qN/ghOB.',3,1,'2026-02-15 21:44:28'),(18,'TA','teste@co.com','$2y$12$z4K4otGe7SiwffIW4hP2G.HGgRwRi8sDD8hOfunQ3N7BoBqVBOLUi',3,1,'2026-02-15 23:27:18'),(20,'teset teste','teste@net.co','$2y$12$oSmbqhz2xeNRgBdREIHqo.kIPWuEjIFycYaA7t7MCbNgZSDraxV8G',1,0,'2026-02-21 18:57:49'),(21,'Jose Maria','jose@jose.com','$2y$12$4x8l535DeB8d.U4IT5EShOydjXRdoud/Nq5jHrc7LyeQJ1Dei54vO',4,1,'2026-02-21 19:11:53'),(22,'Mario','mario@mario.com','$2y$12$ABZpOwdYk.j7DFuvqscKvexl9uqREqYDZTi2qI/sL7la1zBfSzT2S',4,1,'2026-02-21 19:23:05'),(23,'manel','ma@ma.com','$2y$12$u7m04s1u2q4SjkPhLrGp7eS3R5.kL.YwMF4ujaN3bE4Di3e87fuLy',4,0,'2026-02-21 19:37:36'),(27,'Tony Fernandes','tony.fernandes@anferalta.com','$2y$12$wovGqm0VnDpVrSKhQ.47aOstTiKB5ri6IlWKHZHtjBYGzH3vMpuam',4,1,'2026-02-25 13:52:12'),(28,'Antonio Fernandes','anferalta@outlook.com','$2y$12$VScQdpREy4tWr8H5YMyT3Ozxc3nVV2hN5aJw0FuCS9YSNBMiqszza',9,1,'2026-02-25 13:54:49');
/*!40000 ALTER TABLE `utilizadores` ENABLE KEYS */;
UNLOCK TABLES;
/*!40103 SET TIME_ZONE=@OLD_TIME_ZONE */;

/*!40101 SET SQL_MODE=@OLD_SQL_MODE */;
/*!40014 SET FOREIGN_KEY_CHECKS=@OLD_FOREIGN_KEY_CHECKS */;
/*!40014 SET UNIQUE_CHECKS=@OLD_UNIQUE_CHECKS */;
/*!40101 SET CHARACTER_SET_CLIENT=@OLD_CHARACTER_SET_CLIENT */;
/*!40101 SET CHARACTER_SET_RESULTS=@OLD_CHARACTER_SET_RESULTS */;
/*!40101 SET COLLATION_CONNECTION=@OLD_COLLATION_CONNECTION */;
/*!40111 SET SQL_NOTES=@OLD_SQL_NOTES */;

-- Dump completed on 2026-03-02 19:14:30
